symboling,normalized_losses,make,fuel_type,aspiration,num_of_doors,body_style,drive_wheels,engine_location,wheel_base,length,width,height,curb_weight,engine_type,num_of_cylinders,engine_size,fuel_system,bore,stroke,compression_ratio,horsepower,peak_rpm,city_mpg,highway_mpg,Car_Price_category,num_of_doors_new,drive_wheel_new,engine_location_new,bore_new,stroke_new,horsepower_new,peak_rpm_new
-2,103,volvo,gas,std,four,sedan,rwd,front,104.3,188.8,67.2,56.2,2912,ohc,four,141,mpfi,3.78,3.15,9.5,114,5400,23,28,Lowprice,four,rwd,front,3.78,3.15,114,5400
-2,103,volvo,gas,std,four,sedan,rwd,front,104.3,188.8,67.2,56.2,2935,ohc,four,141,mpfi,3.78,3.15,9.5,114,5400,24,28,Lowprice,four,rwd,front,3.78,3.15,114,5400
-2,103,volvo,gas,turbo,four,sedan,rwd,front,104.3,188.8,67.2,56.2,3045,ohc,four,130,mpfi,3.62,3.15,7.5,162,5100,17,22,Highprice,four,rwd,front,3.62,3.15,162,5100
-1,,mercedes-benz,gas,std,four,sedan,rwd,front,115.6,202.6,71.7,56.5,3740,ohcv,eight,234,mpfi,3.46,3.1,8.3,155,4750,16,18,Highprice,four,rwd,front,3.46,3.1,155,4750
-1,,toyota,gas,std,four,wagon,rwd,front,104.5,187.8,66.5,54.1,3151,dohc,six,161,mpfi,3.27,3.35,9.2,156,5200,19,24,Lowprice,four,rwd,front,3.27,3.35,156,5200
-1,65,toyota,diesel,turbo,four,sedan,fwd,front,102.4,175.6,66.5,54.9,2480,ohc,four,110,idi,3.27,3.35,22.5,73,4500,30,33,Lowprice,four,fwd,front,3.27,3.35,73,4500
-1,65,toyota,gas,std,four,hatchback,fwd,front,102.4,175.6,66.5,53.9,2414,ohc,four,122,mpfi,3.31,3.54,8.7,92,4200,27,32,Lowprice,four,fwd,front,3.31,3.54,92,4200
-1,65,toyota,gas,std,four,hatchback,fwd,front,102.4,175.6,66.5,53.9,2458,ohc,four,122,mpfi,3.31,3.54,8.7,92,4200,27,32,Lowprice,four,fwd,front,3.31,3.54,92,4200
-1,65,toyota,gas,std,four,sedan,fwd,front,102.4,175.6,66.5,54.9,2326,ohc,four,122,mpfi,3.31,3.54,8.7,92,4200,29,34,Lowprice,four,fwd,front,3.31,3.54,92,4200
-1,65,toyota,gas,std,four,sedan,fwd,front,102.4,175.6,66.5,54.9,2414,ohc,four,122,mpfi,3.31,3.54,8.7,92,4200,27,32,Lowprice,four,fwd,front,3.31,3.54,92,4200
-1,74,plymouth,gas,std,four,wagon,fwd,front,103.3,174.6,64.6,59.8,2535,ohc,four,122,2bbl,3.35,3.46,8.5,88,5000,24,30,Lowprice,four,fwd,front,3.35,3.46,88,5000
-1,74,volvo,gas,std,four,wagon,rwd,front,104.3,188.8,67.2,57.5,3034,ohc,four,141,mpfi,3.78,3.15,9.5,114,5400,23,28,Lowprice,four,rwd,front,3.78,3.15,114,5400
-1,74,volvo,gas,std,four,wagon,rwd,front,104.3,188.8,67.2,57.5,3042,ohc,four,141,mpfi,3.78,3.15,9.5,114,5400,24,28,Lowprice,four,rwd,front,3.78,3.15,114,5400
-1,74,volvo,gas,turbo,four,wagon,rwd,front,104.3,188.8,67.2,57.5,3157,ohc,four,130,mpfi,3.62,3.15,7.5,162,5100,17,22,Highprice,four,rwd,front,3.62,3.15,162,5100
-1,90,toyota,gas,std,four,sedan,rwd,front,104.5,187.8,66.5,54.1,3131,dohc,six,171,mpfi,3.27,3.35,9.2,156,5200,20,24,Lowprice,four,rwd,front,3.27,3.35,156,5200
-1,93,mercedes-benz,diesel,turbo,four,sedan,rwd,front,110,190.9,70.3,56.5,3515,ohc,five,183,idi,3.58,3.64,21.5,123,4350,22,25,Highprice,four,rwd,front,3.58,3.64,123,4350
-1,93,mercedes-benz,diesel,turbo,four,sedan,rwd,front,115.6,202.6,71.7,56.3,3770,ohc,five,183,idi,3.58,3.64,21.5,123,4350,22,25,Highprice,four,rwd,front,3.58,3.64,123,4350
-1,93,mercedes-benz,diesel,turbo,four,wagon,rwd,front,110,190.9,70.3,58.7,3750,ohc,five,183,idi,3.58,3.64,21.5,123,4350,22,25,Highprice,four,rwd,front,3.58,3.64,123,4350
-1,95,volvo,diesel,turbo,four,sedan,rwd,front,109.1,188.8,68.9,55.5,3217,ohc,six,145,idi,3.01,3.4,23,106,4800,26,27,Highprice,four,rwd,front,3.01,3.4,106,4800
-1,95,volvo,gas,std,four,sedan,rwd,front,109.1,188.8,68.9,55.5,2952,ohc,four,141,mpfi,3.78,3.15,9.5,114,5400,23,28,Lowprice,four,rwd,front,3.78,3.15,114,5400
-1,95,volvo,gas,std,four,sedan,rwd,front,109.1,188.8,68.9,55.5,3012,ohcv,six,173,mpfi,3.58,2.87,8.8,134,5500,18,23,Highprice,four,rwd,front,3.58,2.87,134,5500
-1,95,volvo,gas,turbo,four,sedan,rwd,front,109.1,188.8,68.8,55.5,3049,ohc,four,141,mpfi,3.78,3.15,8.7,160,5300,19,25,Highprice,four,rwd,front,3.78,3.15,160,5300
-1,95,volvo,gas,turbo,four,sedan,rwd,front,109.1,188.8,68.9,55.5,3062,ohc,four,141,mpfi,3.78,3.15,9.5,114,5400,19,25,Highprice,four,rwd,front,3.78,3.15,114,5400
-1,110,dodge,gas,std,four,wagon,fwd,front,103.3,174.6,64.6,59.8,2535,ohc,four,122,2bbl,3.34,3.46,8.5,88,5000,24,30,Lowprice,four,fwd,front,3.34,3.46,88,5000
-1,137,mitsubishi,gas,std,four,sedan,fwd,,96.3,172.4,65.4,49.4,2370,ohc,four,110,spdi,3.17,3.46,7.5,89,5154,20,26,Lowprice,four,fwd,front,3.17,3.46,89,5154
-1,137,mitsubishi,gas,std,four,sedan,fwd,,96.3,172.4,65.4,49.4,2370,ohc,four,110,spdi,3.17,3.46,7.5,112,5079,25,32,Lowprice,four,fwd,front,3.17,3.46,112,5079
-1,137,mitsubishi,gas,std,four,sedan,fwd,front,50,172.4,65.4,50.2,2818,ohc,four,156,spdi,3.59,3.86,7,107,5073,23,24,Lowprice,four,fwd,front,3.59,3.86,107,5073
-1,137,mitsubishi,gas,std,four,sedan,fwd,front,50,172.4,65.4,50.2,2818,ohc,four,156,spdi,3.59,3.86,7,136,5050,22,26,Lowprice,four,fwd,front,3.59,3.86,136,5050
-1,137,mitsubishi,gas,std,four,sedan,fwd,front,95.9,173.2,66.3,49.4,2328,ohc,four,122,2bbl,3.35,3.46,8.5,111,5172,20,30,Lowprice,four,fwd,front,3.35,3.46,111,5172
-1,137,mitsubishi,gas,std,four,sedan,fwd,front,95.9,173.2,66.3,49.4,2328,ohc,four,122,2bbl,3.35,3.46,8.5,136,5004,19,30,Lowprice,four,fwd,front,3.35,3.46,136,5004
-1,137,mitsubishi,gas,std,four,sedan,fwd,front,95.9,173.2,66.3,50.2,2811,ohc,four,156,mfi,3.6,3.9,7,100,5149,24,30,Lowprice,four,fwd,front,3.6,3.9,100,5149
-1,137,mitsubishi,gas,std,four,sedan,fwd,front,95.9,173.2,66.3,50.2,2811,ohc,four,156,mfi,3.6,3.9,7,121,5136,22,32,Lowprice,four,fwd,front,3.6,3.9,121,5136
-1,137,mitsubishi,gas,std,four,sedan,fwd,front,95.9,173.2,66.3,50.2,2818,ohc,four,156,spdi,3.59,3.86,7,99,5261,20,24,Lowprice,four,fwd,front,3.59,3.86,99,5261
-1,137,mitsubishi,gas,std,four,sedan,fwd,front,95.9,173.2,66.3,50.2,2818,ohc,four,156,spdi,3.59,3.86,7,125,5313,24,26,Lowprice,four,fwd,front,3.59,3.86,125,5313
-1,137,mitsubishi,gas,std,four,sedan,fwd,front,96.3,172.4,65.4,51.4,2734,ohc,four,119,spfi,3.43,3.23,9.2,105,5383,24,28,Lowprice,four,fwd,front,3.43,3.23,105,5383
-1,137,mitsubishi,gas,std,four,sedan,fwd,front,96.3,172.4,65.4,51.4,2734,ohc,four,119,spfi,3.43,3.23,9.2,128,5027,19,26,Lowprice,four,fwd,front,3.43,3.23,128,5027
-1,137,mitsubishi,gas,std,four,sedan,fwd,front,96.3,172.4,65.4,51.6,2403,ohc,four,110,spdi,3.17,3.46,7.5,97,5176,19,29,Lowprice,four,fwd,front,3.17,3.46,97,5176
-1,137,mitsubishi,gas,std,four,sedan,fwd,front,96.3,172.4,65.4,51.6,2403,ohc,four,110,spdi,3.17,3.46,7.5,103,5354,24,27,Lowprice,four,fwd,front,3.17,3.46,103,5354
-1,137,mitsubishi,gas,std,four,sedan,fwd,front,96.3,172.4,65.4,51.6,2403,ohc,four,110,spdi,3.17,3.46,7.5,116,5500,23,30,Lowprice,four,fwd,front,3.17,3.46,116,5500
0,,audi,gas,turbo,two,hatchback,4wd,front,99.5,178.2,67.9,52,3053,ohc,five,131,mpfi,3.13,3.4,7,160,5500,16,22,Highprice,two,fwd,front,3.13,3.4,160,5500
0,,bmw,gas,std,four,sedan,rwd,front,103.5,189,66.9,55.7,3230,ohc,six,209,mpfi,3.62,3.39,8,182,5400,16,22,Highprice,four,rwd,front,3.62,3.39,182,5400
0,,bmw,gas,std,four,sedan,rwd,front,110,197,70.9,56.3,3505,ohc,six,209,mpfi,3.62,3.39,8,182,5400,15,20,Highprice,four,rwd,front,3.62,3.39,182,5400
0,,bmw,gas,std,two,sedan,rwd,front,103.5,193.8,67.9,53.7,3380,ohc,six,209,mpfi,3.62,3.39,8,182,5400,16,22,Highprice,two,rwd,front,3.62,3.39,182,5400
0,,isuzu,gas,std,four,sedan,fwd,front,94.5,155.9,63.6,52,1909,ohc,four,90,2bbl,3.03,3.11,9.2,68,5267,30,42,Lowprice,four,fwd,front,3.03,3.11,68,5267
0,,isuzu,gas,std,four,sedan,fwd,front,94.5,155.9,63.6,52,1909,ohc,four,90,2bbl,3.03,3.11,9.2,69,5028,35,38,Lowprice,four,fwd,front,3.03,3.11,69,5028
0,,isuzu,gas,std,four,sedan,fwd,front,94.5,155.9,63.6,52,1909,ohc,four,90,2bbl,3.03,3.11,9.2,69,5292,33,42,Lowprice,four,fwd,front,3.03,3.11,69,5292
0,,isuzu,gas,std,four,sedan,fwd,front,94.5,155.9,63.6,52,1909,ohc,four,90,2bbl,3.03,3.11,9.2,70,5368,33,40,Lowprice,four,fwd,front,3.03,3.11,70,5368
0,,isuzu,gas,std,four,sedan,fwd,front,94.5,155.9,63.6,52,1909,ohc,four,90,2bbl,3.03,3.11,9.4,69,5019,37,38,Lowprice,four,fwd,front,3.03,3.11,69,5019
0,,isuzu,gas,std,four,sedan,fwd,front,94.5,155.9,63.6,52,1909,ohc,four,90,2bbl,3.03,3.11,9.6,70,5400,38,43,Highprice,four,fwd,front,3.03,3.11,70,5400
0,,isuzu,gas,std,four,sedan,fwd,front,94.5,155.9,63.6,52,1909,ohc,four,90,2bbl,3.03,3.15,9.4,68,5022,36,43,Lowprice,four,fwd,front,3.03,3.15,68,5022
0,,isuzu,gas,std,four,sedan,fwd,front,94.5,155.9,63.6,52,1909,ohc,four,90,2bbl,3.03,3.15,9.4,68,5209,36,40,Lowprice,four,fwd,front,3.03,3.15,68,5209
0,,isuzu,gas,std,four,sedan,fwd,front,94.5,155.9,63.6,52,1909,ohc,four,90,2bbl,3.03,3.15,9.4,70,5094,34,40,Lowprice,four,fwd,front,3.03,3.15,70,5094
0,,isuzu,gas,std,four,sedan,fwd,front,94.5,155.9,63.6,52,1909,ohc,four,90,2bbl,3.03,3.15,9.4,70,5183,37,43,Lowprice,four,fwd,front,3.03,3.15,70,5183
0,,isuzu,gas,std,four,sedan,fwd,front,94.5,155.9,63.6,52,1909,ohc,four,90,2bbl,3.03,3.15,9.5,69,5282,37,42,Lowprice,four,fwd,front,3.03,3.15,69,5282
0,,isuzu,gas,std,four,sedan,fwd,front,94.5,358,63.6,52,1909,ohc,four,90,2bbl,3.03,3.11,9.2,68,5127,38,43,Lowprice,four,fwd,front,3.03,3.11,68,5127
0,,isuzu,gas,std,four,sedan,fwd,front,94.5,694,63.6,52,1909,ohc,four,90,2bbl,3.03,3.11,9.2,69,5247,33,39,Lowprice,four,fwd,front,3.03,3.11,69,5247
0,,isuzu,gas,std,four,sedan,rwd,front,94.3,170.7,61.8,53.5,2337,ohc,four,111,2bbl,3.31,3.23,8.5,78,4800,24,29,Lowprice,four,rwd,front,3.31,3.23,78,4800
0,,jaguar,gas,std,four,sedan,rwd,front,113,199.6,69.6,52.8,4066,dohc,six,258,mpfi,3.63,4.17,8.1,176,4750,15,19,Highprice,four,rwd,front,3.63,4.17,176,4750
0,,jaguar,gas,std,two,sedan,rwd,front,102,191.7,70.6,47.8,3950,ohcv,twelve,326,mpfi,3.54,2.76,11.5,262,5000,13,17,Highprice,two,rwd,front,3.54,2.76,262,5000
0,,mazda,diesel,std,?,sedan,fwd,front,98.8,177.8,66.5,55.5,2443,ohc,four,122,idi,3.39,3.39,22.7,64,4650,36,42,Lowprice,two,fwd,front,3.39,3.39,64,4650
0,,mazda,diesel,std,four,sedan,rwd,front,104.9,175,66.1,54.4,2700,ohc,four,134,idi,3.43,3.64,22,72,4200,31,39,Highprice,four,rwd,front,3.43,3.64,72,4200
0,,mercedes-benz,gas,std,four,sedan,rwd,front,120.9,208.1,71.7,56.7,3900,ohcv,eight,308,mpfi,3.8,3.35,8,184,4500,14,16,Highprice,four,rwd,front,3.8,3.35,184,4500
0,,peugot,diesel,turbo,four,wagon,rwd,front,114.2,198.9,68.4,58.7,3430,l,four,152,idi,3.7,3.52,21,95,4150,25,25,Lowprice,four,rwd,front,3.7,3.52,95,4150
0,,peugot,diesel,turbo,four,wagon,rwd,front,114.2,198.9,68.4,58.7,3485,l,four,152,idi,3.7,3.52,21,95,4150,25,25,Lowprice,four,rwd,front,3.7,3.52,95,4150
0,,peugot,gas,std,four,wagon,rwd,front,114.2,198.9,68.4,56.7,3285,l,four,120,mpfi,3.46,2.19,8.4,95,5000,19,24,Lowprice,four,rwd,front,3.46,2.19,95,5000
0,,peugot,gas,std,four,wagon,rwd,front,114.2,198.9,68.4,58.7,3230,l,four,120,mpfi,3.46,3.19,8.4,97,5000,19,24,Lowprice,four,rwd,front,3.46,3.19,97,5000
0,,renault,gas,std,four,wagon,fwd,front,96.1,181.5,66.5,55.2,2579,ohc,four,132,mpfi,3.46,3.9,8.7,,,23,31,Lowprice,four,fwd,front,3.46,3.9,101,5178
0,,volkswagen,diesel,turbo,four,sedan,fwd,front,100.4,180.2,66.9,55.1,2579,ohc,four,97,idi,3.01,3.4,23,68,4500,33,38,Lowprice,four,fwd,front,3.01,3.4,68,4500
0,,volkswagen,gas,std,four,sedan,fwd,front,100.4,180.2,66.9,55.1,2661,ohc,five,136,mpfi,3.19,3.4,8.5,110,5500,19,24,Lowprice,four,fwd,front,3.19,3.4,110,5500
0,,volkswagen,gas,std,four,wagon,fwd,front,100.4,183.1,66.9,55.1,2563,ohc,four,109,mpfi,3.19,3.4,9,88,5500,25,31,Lowprice,four,fwd,front,3.19,3.4,88,5500
0,77,toyota,gas,std,four,wagon,fwd,front,95.7,169.7,63.6,59.1,2280,ohc,four,92,2bbl,3.05,3.03,9,62,4800,31,37,Lowprice,four,fwd,front,3.05,3.03,62,4800
0,78,honda,gas,std,four,wagon,fwd,front,96.5,157.1,63.9,58.3,2024,ohc,four,92,1bbl,2.92,3.41,9.2,76,6000,30,34,Lowprice,four,fwd,front,2.92,3.41,76,6000
0,81,chevrolet,gas,std,four,sedan,fwd,front,94.5,158.8,63.6,52,1909,ohc,four,90,2bbl,3.03,3.11,9.2,68,5283,36,40,Lowprice,four,fwd,front,3.03,3.11,68,5283
0,81,chevrolet,gas,std,four,sedan,fwd,front,94.5,158.8,63.6,52,1909,ohc,four,90,2bbl,3.03,3.11,9.2,69,5064,34,43,Lowprice,four,fwd,front,3.03,3.11,69,5064
0,81,chevrolet,gas,std,four,sedan,fwd,front,94.5,158.8,63.6,52,1909,ohc,four,90,2bbl,3.03,3.11,9.2,69,5142,34,38,Lowprice,four,fwd,front,3.03,3.11,69,5142
0,81,chevrolet,gas,std,four,sedan,fwd,front,94.5,158.8,63.6,52,1909,ohc,four,90,2bbl,3.03,3.11,9.2,69,5154,33,39,Lowprice,four,fwd,front,3.03,3.11,69,5154
0,81,chevrolet,gas,std,four,sedan,fwd,front,94.5,158.8,63.6,52,1909,ohc,four,90,2bbl,3.03,3.11,9.2,70,5171,33,42,Lowprice,four,fwd,front,3.03,3.11,70,5171
0,81,chevrolet,gas,std,four,sedan,fwd,front,94.5,158.8,63.6,52,1909,ohc,four,90,2bbl,3.03,3.11,9.4,69,5304,36,42,Lowprice,four,fwd,front,3.03,3.11,69,5304
0,81,chevrolet,gas,std,four,sedan,fwd,front,94.5,158.8,63.6,52,1909,ohc,four,90,2bbl,3.03,3.11,9.6,70,5400,38,43,Lowprice,four,fwd,front,3.03,3.11,70,5400
0,81,chevrolet,gas,std,four,sedan,fwd,front,94.5,158.8,63.6,52,1909,ohc,four,90,2bbl,3.03,3.15,9.4,68,5278,33,42,Lowprice,four,fwd,front,3.03,3.15,68,5278
0,81,chevrolet,gas,std,four,sedan,fwd,front,94.5,158.8,63.6,52,1909,ohc,four,90,2bbl,3.03,3.15,9.4,69,5017,35,42,Lowprice,four,fwd,front,3.03,3.15,69,5017
0,81,chevrolet,gas,std,four,sedan,fwd,front,94.5,158.8,63.6,52,1909,ohc,four,90,2bbl,3.03,3.15,9.4,69,5101,38,43,Lowprice,four,fwd,front,3.03,3.15,69,5101
0,81,chevrolet,gas,std,four,sedan,fwd,front,94.5,158.8,63.6,52,1909,ohc,four,90,2bbl,3.03,3.15,9.4,70,5157,33,42,Lowprice,four,fwd,front,3.03,3.15,70,5157
0,81,chevrolet,gas,std,four,sedan,fwd,front,94.5,158.8,63.6,52,1909,ohc,four,90,2bbl,3.03,3.15,9.5,70,5205,33,38,Lowprice,four,fwd,front,3.03,3.15,70,5205
0,81,chevrolet,gas,std,four,sedan,fwd,front,94.5,610,63.6,52,1909,ohc,four,90,2bbl,3.03,3.11,9.2,70,5084,34,39,Lowprice,four,fwd,front,3.03,3.11,70,5084
0,81,toyota,gas,std,four,wagon,4wd,front,95.7,169.7,63.6,59.1,2290,ohc,four,92,2bbl,3.05,3.03,9,62,4800,27,32,Lowprice,four,fwd,front,3.05,3.03,62,4800
0,85,honda,gas,std,four,sedan,fwd,front,96.5,175.4,62.5,54.1,2372,ohc,four,110,1bbl,3.15,3.58,9,86,5800,27,33,Lowprice,four,fwd,front,3.15,3.58,86,5800
0,85,honda,gas,std,four,sedan,fwd,front,96.5,175.4,65.2,54.1,2304,ohc,four,110,1bbl,3.15,3.58,9,86,5800,27,33,Lowprice,four,fwd,front,3.15,3.58,86,5800
0,85,honda,gas,std,four,sedan,fwd,front,96.5,175.4,65.2,54.1,2465,ohc,four,110,mpfi,3.15,3.58,9,101,5800,24,28,Lowprice,four,fwd,front,3.15,3.58,101,5800
0,85,subaru,gas,std,four,wagon,4wd,front,96.9,173.6,65.4,54.9,2420,ohcf,four,108,2bbl,3.62,2.64,9,82,4800,23,29,Lowprice,four,fwd,front,3.62,2.64,82,4800
0,85,subaru,gas,turbo,four,wagon,4wd,front,96.9,173.6,65.4,54.9,2650,ohcf,four,108,mpfi,3.62,2.64,7.7,111,4800,23,23,Lowprice,four,fwd,front,3.62,2.64,111,4800
0,89,subaru,gas,std,four,wagon,fwd,front,97,173.5,65.4,53,2290,ohcf,four,108,2bbl,3.62,2.64,9,82,4800,28,32,Lowprice,four,fwd,front,3.62,2.64,82,4800
0,89,subaru,gas,std,four,wagon,fwd,front,97,173.5,65.4,53,2455,ohcf,four,108,mpfi,3.62,2.64,9,94,5200,25,31,Lowprice,four,fwd,front,3.62,2.64,94,5200
0,91,toyota,diesel,std,four,hatchback,fwd,front,95.7,166.3,64.4,52.8,2275,ohc,four,110,idi,3.27,3.35,22.5,56,4500,38,47,Lowprice,four,fwd,front,3.27,3.35,56,4500
0,91,toyota,diesel,std,four,sedan,fwd,front,95.7,166.3,64.4,53,2275,ohc,four,110,idi,3.27,3.35,22.5,56,4500,34,36,Lowprice,four,fwd,front,3.27,3.35,56,4500
0,91,toyota,gas,std,four,hatchback,fwd,front,95.7,166.3,64.4,52.8,2109,ohc,four,98,2bbl,3.19,3.03,9,70,4800,30,37,Lowprice,four,fwd,front,3.19,3.03,70,4800
0,91,toyota,gas,std,four,hatchback,fwd,front,95.7,166.3,64.4,52.8,2122,ohc,four,98,2bbl,3.19,3.03,9,70,4800,28,34,Lowprice,four,fwd,front,3.19,3.03,70,4800
0,91,toyota,gas,std,four,sedan,fwd,front,95.7,166.3,64.4,52.8,2140,ohc,four,98,2bbl,3.19,3.03,9,70,4800,28,34,Lowprice,four,fwd,front,3.19,3.03,70,4800
0,91,toyota,gas,std,four,sedan,fwd,front,95.7,166.3,64.4,53,2081,ohc,four,98,2bbl,3.19,3.03,9,70,4800,30,37,Lowprice,four,fwd,front,3.19,3.03,70,4800
0,91,toyota,gas,std,four,sedan,fwd,front,95.7,166.3,64.4,53,2094,ohc,four,98,2bbl,3.19,3.03,9,70,4800,38,47,Lowprice,four,fwd,front,3.19,3.03,70,4800
0,91,toyota,gas,std,four,wagon,4wd,front,95.7,169.7,63.6,59.1,3110,ohc,four,92,2bbl,3.05,3.03,9,62,4800,27,32,Lowprice,four,fwd,front,3.05,3.03,62,4800
0,93,mercedes-benz,diesel,turbo,two,hardtop,rwd,front,106.7,187.5,70.3,54.9,3495,ohc,five,183,idi,3.58,3.64,21.5,123,4350,22,25,Highprice,two,rwd,front,3.58,3.64,123,4350
0,102,subaru,gas,std,four,sedan,4wd,front,97,172,65.4,54.3,2385,ohcf,four,108,2bbl,3.62,2.64,9,82,4800,24,25,Lowprice,four,fwd,front,3.62,2.64,82,4800
0,102,subaru,gas,std,four,sedan,fwd,front,97.2,172,65.4,52.5,2145,ohcf,four,108,2bbl,3.62,2.64,9.5,82,4800,32,37,Lowprice,four,fwd,front,3.62,2.64,82,4800
0,102,subaru,gas,std,four,sedan,fwd,front,97.2,172,65.4,52.5,2190,ohcf,four,108,2bbl,3.62,2.64,9.5,82,4400,28,33,Lowprice,four,fwd,front,3.62,2.64,82,4400
0,102,subaru,gas,std,four,sedan,fwd,front,97.2,172,65.4,52.5,2340,ohcf,four,108,mpfi,3.62,2.64,9,94,5200,26,32,Lowprice,four,fwd,front,3.62,2.64,94,5200
0,102,subaru,gas,turbo,four,sedan,4wd,front,97,172,65.4,54.3,2510,ohcf,four,108,mpfi,3.62,2.64,7.7,111,4800,24,29,Lowprice,four,fwd,front,3.62,2.64,111,4800
0,106,honda,gas,std,two,hatchback,fwd,front,96.5,167.5,65.2,53.3,2236,ohc,four,110,1bbl,3.15,3.58,9,86,5800,27,33,Lowprice,two,fwd,front,3.15,3.58,86,5800
0,106,honda,gas,std,two,hatchback,fwd,front,96.5,167.5,65.2,53.3,2289,ohc,four,110,1bbl,3.15,3.58,9,86,5800,27,33,Lowprice,two,fwd,front,3.15,3.58,86,5800
0,106,nissan,gas,std,four,hatchback,fwd,front,97.2,173.4,65.2,54.7,2324,ohc,four,120,2bbl,3.33,3.47,8.5,97,5200,27,34,Lowprice,four,fwd,front,3.33,3.47,97,5200
0,106,nissan,gas,std,four,sedan,fwd,front,97.2,173.4,65.2,54.7,2302,ohc,four,120,2bbl,3.33,3.47,8.5,97,5200,27,34,Lowprice,four,fwd,front,3.33,3.47,97,5200
0,108,nissan,gas,std,four,sedan,fwd,front,100.4,184.6,66.5,55.1,3060,ohcv,six,181,mpfi,3.43,3.27,9,152,5200,19,25,Lowprice,four,fwd,front,3.43,3.27,152,5200
0,108,nissan,gas,std,four,wagon,fwd,front,100.4,184.6,66.5,56.1,3296,ohcv,six,181,mpfi,3.43,3.27,9,152,5200,17,22,Lowprice,four,fwd,front,3.43,3.27,152,5200
0,110,honda,gas,std,four,sedan,fwd,front,96.5,163.4,64,54.5,2010,ohc,four,92,1bbl,2.91,3.41,9.2,76,6000,30,34,Lowprice,four,fwd,front,2.91,3.41,76,6000
0,115,mazda,gas,std,four,hatchback,fwd,front,98.8,177.8,66.5,55.5,2425,ohc,four,122,2bbl,3.39,3.39,8.6,84,4800,26,32,Lowprice,four,fwd,front,3.39,3.39,84,4800
0,115,mazda,gas,std,four,sedan,fwd,front,98.8,177.8,66.5,55.5,2410,ohc,four,122,2bbl,3.39,3.39,8.6,84,4800,26,32,Lowprice,four,fwd,front,3.39,3.39,84,4800
0,118,mazda,gas,std,four,sedan,rwd,front,104.9,175,66.1,54.4,2670,ohc,four,140,mpfi,3.76,3.16,8,120,5000,19,27,Highprice,four,rwd,front,3.76,3.16,120,5000
0,128,nissan,gas,std,four,sedan,fwd,front,100.4,181.7,66.5,55.1,3095,ohcv,six,181,mpfi,3.43,3.27,9,152,5200,17,22,Lowprice,four,fwd,front,3.43,3.27,152,5200
0,145,jaguar,gas,std,four,sedan,rwd,front,113,199.6,69.6,52.8,4066,dohc,six,258,mpfi,3.63,4.17,8.1,176,4750,15,19,Highprice,four,rwd,front,3.63,4.17,176,4750
0,161,peugot,diesel,turbo,four,sedan,rwd,front,107.9,186.7,68.4,56.7,3197,l,four,152,idi,3.7,3.52,21,95,4150,28,33,Lowprice,four,rwd,front,3.7,3.52,95,4150
0,161,peugot,diesel,turbo,four,sedan,rwd,front,107.9,186.7,68.4,56.7,3252,l,four,152,idi,3.7,3.52,21,95,4150,28,33,Lowprice,four,rwd,front,3.7,3.52,95,4150
0,161,peugot,gas,std,four,sedan,rwd,front,107.9,186.7,68.4,56.7,3020,l,four,120,mpfi,3.46,3.19,8.4,97,5000,19,24,Lowprice,four,rwd,front,3.46,3.19,97,5000
0,161,peugot,gas,std,four,sedan,rwd,front,107.9,186.7,68.4,56.7,3075,l,four,120,mpfi,3.46,2.19,8.4,95,5000,19,24,Lowprice,four,rwd,front,3.46,2.19,95,5000
0,161,peugot,gas,std,four,sedan,rwd,front,107.9,186.7,68.4,56.7,3075,l,four,120,mpfi,3.46,3.19,8.4,97,5000,19,24,Lowprice,four,rwd,front,3.46,3.19,97,5000
0,161,peugot,gas,turbo,four,sedan,rwd,front,108,186.7,68.3,56,3130,l,four,134,mpfi,3.61,3.21,7,142,5600,18,24,Highprice,four,rwd,front,3.61,3.21,142,5600
0,188,bmw,gas,std,four,sedan,rwd,front,101.2,176.8,64.8,54.3,2765,ohc,six,164,mpfi,3.31,3.19,9,121,4250,21,28,Highprice,four,rwd,front,3.31,3.19,121,4250
0,188,bmw,gas,std,two,sedan,rwd,front,101.2,176.8,64.8,54.3,2710,ohc,six,164,mpfi,3.31,3.19,9,121,4250,21,28,Highprice,two,rwd,front,3.31,3.19,121,4250
0,192,bmw,gas,std,four,sedan,rwd,front,101.2,176.8,64.8,54.3,2395,ohc,four,108,mpfi,3.5,2.8,8.8,101,5800,23,29,Lowprice,four,rwd,front,3.5,2.8,101,5800
1,,alfa-romero,gas,std,two,hatchback,rwd,front,94.5,171.2,65.5,52.4,2823,ohcv,six,152,mpfi,2.68,3.47,9,154,5000,19,26,Lowprice,two,rwd,front,2.68,3.47,154,5000
1,,audi,gas,std,four,wagon,fwd,front,105.8,192.7,71.4,55.7,2954,ohc,five,136,mpfi,3.19,3.4,8.5,110,5500,19,25,Highprice,four,fwd,front,3.19,3.4,110,5500
1,,bmw,gas,std,four,sedan,rwd,front,103.5,189,66.9,55.7,3055,ohc,six,164,mpfi,3.31,3.19,9,121,4250,20,25,Highprice,four,rwd,front,3.31,3.19,121,4250
1,,isuzu,gas,std,two,sedan,fwd,front,94.5,155.9,63.6,52,1874,ohc,four,90,2bbl,3.03,3.11,9.2,68,5198,37,40,Lowprice,two,fwd,front,3.03,3.11,68,5198
1,,isuzu,gas,std,two,sedan,fwd,front,94.5,155.9,63.6,52,1874,ohc,four,90,2bbl,3.03,3.11,9.2,69,5151,35,41,Lowprice,two,fwd,front,3.03,3.11,69,5151
1,,isuzu,gas,std,two,sedan,fwd,front,94.5,155.9,63.6,52,1874,ohc,four,90,2bbl,3.03,3.11,9.2,69,5389,38,41,Lowprice,two,fwd,front,3.03,3.11,69,5389
1,,isuzu,gas,std,two,sedan,fwd,front,94.5,155.9,63.6,52,1874,ohc,four,90,2bbl,3.03,3.11,9.2,70,5296,36,42,Lowprice,two,fwd,front,3.03,3.11,70,5296
1,,isuzu,gas,std,two,sedan,fwd,front,94.5,155.9,63.6,52,1874,ohc,four,90,2bbl,3.03,3.11,9.2,70,5343,31,42,Lowprice,two,fwd,front,3.03,3.11,70,5343
1,,isuzu,gas,std,two,sedan,fwd,front,94.5,155.9,63.6,52,1874,ohc,four,90,2bbl,3.03,3.11,9.4,68,5167,30,38,Lowprice,two,fwd,front,3.03,3.11,68,5167
1,,isuzu,gas,std,two,sedan,fwd,front,94.5,155.9,63.6,52,1874,ohc,four,90,2bbl,3.03,3.11,9.6,70,5400,38,43,Highprice,two,fwd,front,3.03,3.11,70,5400
1,,isuzu,gas,std,two,sedan,fwd,front,94.5,155.9,63.6,52,1874,ohc,four,90,2bbl,3.03,3.15,9.4,69,5008,35,38,Lowprice,two,fwd,front,3.03,3.15,69,5008
1,,isuzu,gas,std,two,sedan,fwd,front,94.5,155.9,63.6,52,1874,ohc,four,90,2bbl,3.03,3.15,9.4,69,5160,37,42,Lowprice,two,fwd,front,3.03,3.15,69,5160
1,,isuzu,gas,std,two,sedan,fwd,front,94.5,155.9,63.6,52,1874,ohc,four,90,2bbl,3.03,3.15,9.4,70,5022,38,42,Lowprice,two,fwd,front,3.03,3.15,70,5022
1,,isuzu,gas,std,two,sedan,fwd,front,94.5,155.9,63.6,52,1874,ohc,four,90,2bbl,3.03,3.15,9.4,70,5066,35,43,Lowprice,two,fwd,front,3.03,3.15,70,5066
1,,isuzu,gas,std,two,sedan,fwd,front,94.5,155.9,63.6,52,1874,ohc,four,90,2bbl,3.03,3.15,9.5,70,5045,37,43,Lowprice,two,fwd,front,3.03,3.15,70,5045
1,,isuzu,gas,std,two,sedan,fwd,front,94.5,652,63.6,52,1874,ohc,four,90,2bbl,3.03,3.11,9.2,68,5056,36,38,Lowprice,two,fwd,front,3.03,3.11,68,5056
1,,mercedes-benz,gas,std,two,hardtop,rwd,front,112,199.2,72,55.4,3715,ohcv,eight,304,mpfi,3.8,3.35,8,184,4500,14,16,Highprice,two,rwd,front,3.8,3.35,184,4500
1,,mercury,gas,turbo,two,hatchback,rwd,front,102.7,178.4,68,54.8,2910,ohc,four,140,mpfi,3.78,3.12,8,175,5000,19,24,Lowprice,two,rwd,front,3.78,3.12,175,5000
1,,porsche,gas,std,two,hatchback,rwd,front,98.4,175.7,72.3,50.5,3366,dohcv,eight,203,mpfi,3.94,3.11,10,288,5750,17,28,Highprice,two,rwd,front,3.94,3.11,288,5750
1,74,toyota,gas,std,four,hatchback,fwd,front,95.7,158.7,63.6,54.5,2015,ohc,four,92,2bbl,3.05,3.03,9,62,4800,31,38,Lowprice,four,fwd,front,3.05,3.03,62,4800
1,87,toyota,gas,std,two,hatchback,fwd,front,95.7,158.7,63.6,54.5,1985,ohc,four,92,2bbl,3.05,3.03,9,62,4800,35,39,Lowprice,two,fwd,front,3.05,3.03,62,4800
1,87,toyota,gas,std,two,hatchback,fwd,front,95.7,158.7,63.6,54.5,2040,ohc,four,92,2bbl,3.05,3.03,9,62,4800,31,38,Lowprice,two,fwd,front,3.05,3.03,62,4800
1,98,chevrolet,gas,std,two,hatchback,fwd,front,94.5,155.9,63.6,52,1874,ohc,four,90,2bbl,3.03,3.11,9.2,68,5038,31,43,Lowprice,two,fwd,front,3.03,3.11,68,5038
1,98,chevrolet,gas,std,two,hatchback,fwd,front,94.5,155.9,63.6,52,1874,ohc,four,90,2bbl,3.03,3.11,9.2,69,5287,32,42,Lowprice,two,fwd,front,3.03,3.11,69,5287
1,98,chevrolet,gas,std,two,hatchback,fwd,front,94.5,155.9,63.6,52,1874,ohc,four,90,2bbl,3.03,3.11,9.2,70,5160,33,38,Lowprice,two,fwd,front,3.03,3.11,70,5160
1,98,chevrolet,gas,std,two,hatchback,fwd,front,94.5,155.9,63.6,52,1874,ohc,four,90,2bbl,3.03,3.11,9.2,70,5222,30,43,Lowprice,two,fwd,front,3.03,3.11,70,5222
1,98,chevrolet,gas,std,two,hatchback,fwd,front,94.5,155.9,63.6,52,1874,ohc,four,90,2bbl,3.03,3.11,9.2,70,5364,35,38,Lowprice,two,fwd,front,3.03,3.11,70,5364
1,98,chevrolet,gas,std,two,hatchback,fwd,front,94.5,155.9,63.6,52,1874,ohc,four,90,2bbl,3.03,3.11,9.4,69,5181,38,43,Lowprice,two,fwd,front,3.03,3.11,69,5181
1,98,chevrolet,gas,std,two,hatchback,fwd,front,94.5,155.9,63.6,52,1874,ohc,four,90,2bbl,3.03,3.11,9.6,70,5400,38,43,Lowprice,two,fwd,front,3.03,3.11,70,5400
1,98,chevrolet,gas,std,two,hatchback,fwd,front,94.5,155.9,63.6,52,1874,ohc,four,90,2bbl,3.03,3.15,9.4,68,5217,35,43,Lowprice,two,fwd,front,3.03,3.15,68,5217
1,98,chevrolet,gas,std,two,hatchback,fwd,front,94.5,155.9,63.6,52,1874,ohc,four,90,2bbl,3.03,3.15,9.4,69,5054,30,40,Lowprice,two,fwd,front,3.03,3.15,69,5054
1,98,chevrolet,gas,std,two,hatchback,fwd,front,94.5,155.9,63.6,52,1874,ohc,four,90,2bbl,3.03,3.15,9.4,69,5286,30,39,Lowprice,two,fwd,front,3.03,3.15,69,5286
1,98,chevrolet,gas,std,two,hatchback,fwd,front,94.5,155.9,63.6,52,1874,ohc,four,90,2bbl,3.03,3.15,9.4,70,5397,36,38,Lowprice,two,fwd,front,3.03,3.15,70,5397
1,98,chevrolet,gas,std,two,hatchback,fwd,front,94.5,155.9,63.6,52,1874,ohc,four,90,2bbl,3.03,3.15,9.5,68,5006,33,39,Lowprice,two,fwd,front,3.03,3.15,68,5006
1,98,chevrolet,gas,std,two,hatchback,fwd,front,94.5,568,63.6,52,1874,ohc,four,90,2bbl,3.03,3.11,9.2,68,5115,36,38,Lowprice,two,fwd,front,3.03,3.11,68,5115
1,101,honda,gas,std,two,hatchback,fwd,front,93.7,150,64,52.6,1837,ohc,four,79,1bbl,2.91,3.07,10.1,60,5500,38,42,Lowprice,two,fwd,front,2.91,3.07,60,5500
1,101,honda,gas,std,two,hatchback,fwd,front,93.7,150,64,52.6,1940,ohc,four,92,1bbl,2.91,3.41,9.2,76,6000,30,34,Lowprice,two,fwd,front,2.91,3.41,76,6000
1,101,honda,gas,std,two,hatchback,fwd,front,93.7,150,64,52.6,1956,ohc,four,92,1bbl,2.91,3.41,9.2,76,6000,30,34,Lowprice,two,fwd,front,2.91,3.41,76,6000
1,103,nissan,gas,std,four,wagon,fwd,front,94.5,170.2,63.8,53.5,2024,ohc,four,97,2bbl,3.15,3.29,9.4,69,5200,31,37,Lowprice,four,fwd,front,3.15,3.29,69,5200
1,103,nissan,gas,std,four,wagon,fwd,front,94.5,170.2,63.8,53.5,2037,ohc,four,97,2bbl,3.15,3.29,9.4,69,5200,31,37,Lowprice,four,fwd,front,3.15,3.29,69,5200
1,104,mazda,gas,std,two,hatchback,fwd,front,93.1,159.1,64.2,54.1,1890,ohc,four,91,2bbl,3.03,3.11,9.2,68,5078,30,38,Lowprice,two,fwd,front,3.03,3.11,68,5078
1,104,mazda,gas,std,two,hatchback,fwd,front,93.1,159.1,64.2,54.1,1890,ohc,four,91,2bbl,3.03,3.11,9.2,68,5225,36,39,Lowprice,two,fwd,front,3.03,3.11,68,5225
1,104,mazda,gas,std,two,hatchback,fwd,front,93.1,159.1,64.2,54.1,1890,ohc,four,91,2bbl,3.03,3.11,9.2,69,5370,38,42,Lowprice,two,fwd,front,3.03,3.11,69,5370
1,104,mazda,gas,std,two,hatchback,fwd,front,93.1,159.1,64.2,54.1,1890,ohc,four,91,2bbl,3.03,3.11,9.2,70,5149,34,40,Lowprice,two,fwd,front,3.03,3.11,70,5149
1,104,mazda,gas,std,two,hatchback,fwd,front,93.1,159.1,64.2,54.1,1890,ohc,four,91,2bbl,3.03,3.11,9.4,69,5206,32,43,Lowprice,two,fwd,front,3.03,3.11,69,5206
1,104,mazda,gas,std,two,hatchback,fwd,front,93.1,159.1,64.2,54.1,1890,ohc,four,91,2bbl,3.03,3.15,9,68,5000,30,31,Lowprice,two,fwd,front,3.03,3.15,68,5000
1,104,mazda,gas,std,two,hatchback,fwd,front,93.1,159.1,64.2,54.1,1890,ohc,four,91,2bbl,3.03,3.15,9.4,68,5057,37,42,Lowprice,two,fwd,front,3.03,3.15,68,5057
1,104,mazda,gas,std,two,hatchback,fwd,front,93.1,159.1,64.2,54.1,1890,ohc,four,91,2bbl,3.03,3.15,9.4,69,5092,34,38,Lowprice,two,fwd,front,3.03,3.15,69,5092
1,104,mazda,gas,std,two,hatchback,fwd,front,93.1,159.1,64.2,54.1,1890,ohc,four,91,2bbl,3.03,3.15,9.4,70,5008,32,40,Lowprice,two,fwd,front,3.03,3.15,70,5008
1,104,mazda,gas,std,two,hatchback,fwd,front,93.1,159.1,64.2,54.1,1890,ohc,four,91,2bbl,3.03,3.15,9.4,70,5204,34,42,Lowprice,two,fwd,front,3.03,3.15,70,5204
1,104,mazda,gas,std,two,hatchback,fwd,front,93.1,159.1,64.2,54.1,1890,ohc,four,91,2bbl,3.03,3.15,9.5,69,5193,37,41,Lowprice,two,fwd,front,3.03,3.15,69,5193
1,104,mazda,gas,std,two,hatchback,fwd,front,93.1,159.1,64.2,54.1,1900,ohc,four,91,2bbl,3.03,3.11,9.2,68,5264,33,39,Lowprice,two,fwd,front,3.03,3.11,68,5264
1,104,mazda,gas,std,two,hatchback,fwd,front,93.1,159.1,64.2,54.1,1900,ohc,four,91,2bbl,3.03,3.11,9.2,69,5069,31,38,Lowprice,two,fwd,front,3.03,3.11,69,5069
1,104,mazda,gas,std,two,hatchback,fwd,front,93.1,159.1,64.2,54.1,1900,ohc,four,91,2bbl,3.03,3.11,9.2,69,5096,33,38,Lowprice,two,fwd,front,3.03,3.11,69,5096
1,104,mazda,gas,std,two,hatchback,fwd,front,93.1,159.1,64.2,54.1,1900,ohc,four,91,2bbl,3.03,3.11,9.2,70,5134,36,43,Lowprice,two,fwd,front,3.03,3.11,70,5134
1,104,mazda,gas,std,two,hatchback,fwd,front,93.1,159.1,64.2,54.1,1900,ohc,four,91,2bbl,3.03,3.11,9.2,70,5345,34,38,Lowprice,two,fwd,front,3.03,3.11,70,5345
1,104,mazda,gas,std,two,hatchback,fwd,front,93.1,159.1,64.2,54.1,1900,ohc,four,91,2bbl,3.03,3.11,9.4,70,5223,37,43,Lowprice,two,fwd,front,3.03,3.11,70,5223
1,104,mazda,gas,std,two,hatchback,fwd,front,93.1,159.1,64.2,54.1,1900,ohc,four,91,2bbl,3.03,3.15,9,68,5000,31,38,Lowprice,two,fwd,front,3.03,3.15,68,5000
1,104,mazda,gas,std,two,hatchback,fwd,front,93.1,159.1,64.2,54.1,1900,ohc,four,91,2bbl,3.03,3.15,9.4,68,5075,33,38,Lowprice,two,fwd,front,3.03,3.15,68,5075
1,104,mazda,gas,std,two,hatchback,fwd,front,93.1,159.1,64.2,54.1,1900,ohc,four,91,2bbl,3.03,3.15,9.4,68,5255,35,39,Lowprice,two,fwd,front,3.03,3.15,68,5255
1,104,mazda,gas,std,two,hatchback,fwd,front,93.1,159.1,64.2,54.1,1900,ohc,four,91,2bbl,3.03,3.15,9.4,69,5093,31,39,Lowprice,two,fwd,front,3.03,3.15,69,5093
1,104,mazda,gas,std,two,hatchback,fwd,front,93.1,159.1,64.2,54.1,1900,ohc,four,91,2bbl,3.03,3.15,9.4,70,5365,31,41,Lowprice,two,fwd,front,3.03,3.15,70,5365
1,104,mazda,gas,std,two,hatchback,fwd,front,93.1,159.1,64.2,54.1,1900,ohc,four,91,2bbl,3.03,3.15,9.5,70,5169,36,42,Lowprice,two,fwd,front,3.03,3.15,70,5169
1,104,mazda,gas,std,two,hatchback,fwd,front,93.1,159.1,64.2,54.1,1905,ohc,four,91,2bbl,3.03,3.11,9.2,68,5350,31,43,Lowprice,two,fwd,front,3.03,3.11,68,5350
1,104,mazda,gas,std,two,hatchback,fwd,front,93.1,159.1,64.2,54.1,1905,ohc,four,91,2bbl,3.03,3.11,9.2,69,5092,38,42,Lowprice,two,fwd,front,3.03,3.11,69,5092
1,104,mazda,gas,std,two,hatchback,fwd,front,93.1,159.1,64.2,54.1,1905,ohc,four,91,2bbl,3.03,3.11,9.2,69,5314,37,38,Lowprice,two,fwd,front,3.03,3.11,69,5314
1,104,mazda,gas,std,two,hatchback,fwd,front,93.1,159.1,64.2,54.1,1905,ohc,four,91,2bbl,3.03,3.11,9.2,70,5370,35,41,Lowprice,two,fwd,front,3.03,3.11,70,5370
1,104,mazda,gas,std,two,hatchback,fwd,front,93.1,159.1,64.2,54.1,1905,ohc,four,91,2bbl,3.03,3.11,9.4,68,5309,32,41,Lowprice,two,fwd,front,3.03,3.11,68,5309
1,104,mazda,gas,std,two,hatchback,fwd,front,93.1,159.1,64.2,54.1,1905,ohc,four,91,2bbl,3.03,3.11,9.4,69,5297,36,40,Lowprice,two,fwd,front,3.03,3.11,69,5297
1,104,mazda,gas,std,two,hatchback,fwd,front,93.1,159.1,64.2,54.1,1905,ohc,four,91,2bbl,3.03,3.15,9,68,5000,31,38,Lowprice,two,fwd,front,3.03,3.15,68,5000
1,104,mazda,gas,std,two,hatchback,fwd,front,93.1,159.1,64.2,54.1,1905,ohc,four,91,2bbl,3.03,3.15,9.4,68,5028,36,41,Lowprice,two,fwd,front,3.03,3.15,68,5028
1,104,mazda,gas,std,two,hatchback,fwd,front,93.1,159.1,64.2,54.1,1905,ohc,four,91,2bbl,3.03,3.15,9.4,69,5066,36,38,Lowprice,two,fwd,front,3.03,3.15,69,5066
1,104,mazda,gas,std,two,hatchback,fwd,front,93.1,159.1,64.2,54.1,1905,ohc,four,91,2bbl,3.03,3.15,9.4,69,5328,30,41,Lowprice,two,fwd,front,3.03,3.15,69,5328
1,104,mazda,gas,std,two,hatchback,fwd,front,93.1,159.1,64.2,54.1,1905,ohc,four,91,2bbl,3.03,3.15,9.4,70,5011,37,42,Lowprice,two,fwd,front,3.03,3.15,70,5011
1,104,mazda,gas,std,two,hatchback,fwd,front,93.1,159.1,64.2,54.1,1905,ohc,four,91,2bbl,3.03,3.15,9.5,69,5399,38,40,Lowprice,two,fwd,front,3.03,3.15,69,5399
1,104,mazda,gas,std,two,hatchback,fwd,front,93.1,400,64.2,54.1,1890,ohc,four,91,2bbl,3.03,3.11,9.2,68,5138,38,41,Lowprice,two,fwd,front,3.03,3.11,68,5138
1,104,mazda,gas,std,two,hatchback,fwd,front,93.1,442,64.2,54.1,1900,ohc,four,91,2bbl,3.03,3.11,9.2,68,5183,38,39,Lowprice,two,fwd,front,3.03,3.11,68,5183
1,104,mazda,gas,std,two,hatchback,fwd,front,93.1,484,64.2,54.1,1905,ohc,four,91,2bbl,3.03,3.11,9.2,69,5062,34,40,Lowprice,two,fwd,front,3.03,3.11,69,5062
1,104,mazda,gas,std,two,hatchback,fwd,front,93.1,736,64.2,54.1,1890,ohc,four,91,2bbl,3.03,3.11,9.2,70,5260,35,39,Lowprice,two,fwd,front,3.03,3.11,70,5260
1,107,honda,gas,std,two,sedan,fwd,front,96.5,169.1,66,51,2293,ohc,four,110,2bbl,3.15,3.58,9.1,100,5500,25,31,Lowprice,two,fwd,front,3.15,3.58,100,5500
1,113,mazda,gas,std,four,sedan,fwd,front,93.1,166.8,64.2,54.1,1945,ohc,four,91,2bbl,3.03,3.11,9.2,68,5158,30,43,Lowprice,four,fwd,front,3.03,3.11,68,5158
1,113,mazda,gas,std,four,sedan,fwd,front,93.1,166.8,64.2,54.1,1945,ohc,four,91,2bbl,3.03,3.11,9.2,69,5256,36,38,Lowprice,four,fwd,front,3.03,3.11,69,5256
1,113,mazda,gas,std,four,sedan,fwd,front,93.1,166.8,64.2,54.1,1945,ohc,four,91,2bbl,3.03,3.11,9.2,69,5312,35,39,Lowprice,four,fwd,front,3.03,3.11,69,5312
1,113,mazda,gas,std,four,sedan,fwd,front,93.1,166.8,64.2,54.1,1945,ohc,four,91,2bbl,3.03,3.11,9.2,69,5367,38,39,Lowprice,four,fwd,front,3.03,3.11,69,5367
1,113,mazda,gas,std,four,sedan,fwd,front,93.1,166.8,64.2,54.1,1945,ohc,four,91,2bbl,3.03,3.11,9.4,69,5347,33,39,Lowprice,four,fwd,front,3.03,3.11,69,5347
1,113,mazda,gas,std,four,sedan,fwd,front,93.1,166.8,64.2,54.1,1945,ohc,four,91,2bbl,3.03,3.15,9,68,5000,31,38,Lowprice,four,fwd,front,3.03,3.15,68,5000
1,113,mazda,gas,std,four,sedan,fwd,front,93.1,166.8,64.2,54.1,1945,ohc,four,91,2bbl,3.03,3.15,9.4,68,5072,34,42,Lowprice,four,fwd,front,3.03,3.15,68,5072
1,113,mazda,gas,std,four,sedan,fwd,front,93.1,166.8,64.2,54.1,1945,ohc,four,91,2bbl,3.03,3.15,9.4,68,5311,30,43,Lowprice,four,fwd,front,3.03,3.15,68,5311
1,113,mazda,gas,std,four,sedan,fwd,front,93.1,166.8,64.2,54.1,1945,ohc,four,91,2bbl,3.03,3.15,9.4,69,5268,34,39,Lowprice,four,fwd,front,3.03,3.15,69,5268
1,113,mazda,gas,std,four,sedan,fwd,front,93.1,166.8,64.2,54.1,1945,ohc,four,91,2bbl,3.03,3.15,9.4,70,5076,34,41,Lowprice,four,fwd,front,3.03,3.15,70,5076
1,113,mazda,gas,std,four,sedan,fwd,front,93.1,166.8,64.2,54.1,1945,ohc,four,91,2bbl,3.03,3.15,9.5,69,5057,31,38,Lowprice,four,fwd,front,3.03,3.15,69,5057
1,113,mazda,gas,std,four,sedan,fwd,front,93.1,166.8,64.2,54.1,1950,ohc,four,91,2bbl,3.08,3.15,9,68,5000,31,38,Lowprice,four,fwd,front,3.08,3.15,68,5000
1,113,mazda,gas,std,four,sedan,fwd,front,93.1,800,64.2,54.1,1945,ohc,four,91,2bbl,3.03,3.11,9.2,68,5370,30,39,Lowprice,four,fwd,front,3.03,3.11,68,5370
1,118,dodge,gas,std,two,hatchback,fwd,front,93.7,157.3,63.8,50.8,1876,ohc,four,90,2bbl,2.97,3.23,9.4,68,5500,31,38,Lowprice,two,fwd,front,2.97,3.23,68,5500
1,118,dodge,gas,std,two,hatchback,fwd,front,93.7,157.3,63.8,50.8,1876,ohc,four,90,2bbl,2.97,3.23,9.41,68,5500,37,41,Lowprice,two,fwd,front,2.97,3.23,68,5500
1,118,dodge,gas,turbo,two,hatchback,fwd,front,93.7,157.3,63.8,50.8,2128,ohc,four,98,mpfi,3.03,3.39,7.6,102,5500,24,30,Lowprice,two,fwd,front,3.03,3.39,102,5500
1,119,plymouth,gas,std,two,hatchback,fwd,front,93.7,157.3,63.8,50.8,1918,ohc,four,90,2bbl,2.97,3.23,9.4,68,5500,37,41,Lowprice,two,fwd,front,2.97,3.23,68,5500
1,119,plymouth,gas,turbo,two,hatchback,fwd,front,93.7,157.3,63.8,50.8,2128,ohc,four,98,spdi,3.03,3.39,7.6,102,5500,24,30,Lowprice,two,fwd,front,3.03,3.39,102,5500
1,122,nissan,gas,std,four,sedan,fwd,front,94.5,165.3,63.8,54.5,1938,ohc,four,97,2bbl,3.15,3.29,9.4,69,5200,31,37,Lowprice,four,fwd,front,3.15,3.29,69,5200
1,122,nissan,gas,std,four,sedan,fwd,front,94.5,165.3,63.8,54.5,1971,ohc,four,97,2bbl,3.15,3.29,9.4,69,5200,31,37,Lowprice,four,fwd,front,3.15,3.29,69,5200
1,125,mitsubishi,gas,std,four,sedan,fwd,,95.9,173.2,66.3,50.2,2818,ohc,four,156,spdi,3.59,3.86,7,103,5173,25,28,Lowprice,four,fwd,front,3.59,3.86,103,5173
1,125,mitsubishi,gas,std,four,sedan,fwd,,95.9,173.2,66.3,50.2,2818,ohc,four,156,spdi,3.59,3.86,7,143,5341,24,27,Lowprice,four,fwd,front,3.59,3.86,143,5341
1,125,mitsubishi,gas,std,four,sedan,fwd,,95.9,173.2,66.3,51.4,2734,ohc,four,119,spfi,3.43,3.23,9.2,102,5095,21,31,Lowprice,four,fwd,front,3.43,3.23,102,5095
1,125,mitsubishi,gas,std,four,sedan,fwd,,95.9,173.2,66.3,51.4,2734,ohc,four,119,spfi,3.43,3.23,9.2,131,5114,24,30,Lowprice,four,fwd,front,3.43,3.23,131,5114
1,125,mitsubishi,gas,std,four,sedan,fwd,,96.3,172.4,65.4,50.2,2811,ohc,four,156,mfi,3.6,3.9,7,116,5034,24,29,Lowprice,four,fwd,front,3.6,3.9,116,5034
1,125,mitsubishi,gas,std,four,sedan,fwd,,96.3,172.4,65.4,50.2,2811,ohc,four,156,mfi,3.6,3.9,7,129,5397,24,26,Lowprice,four,fwd,front,3.6,3.9,129,5397
1,125,mitsubishi,gas,std,four,sedan,fwd,,96.3,172.4,65.4,50.2,2811,ohc,four,156,mfi,3.6,3.9,7,138,5481,20,26,Lowprice,four,fwd,front,3.6,3.9,138,5481
1,125,mitsubishi,gas,std,four,sedan,fwd,,96.3,172.4,65.4,50.2,2811,ohc,four,156,mfi,3.6,3.9,7,139,5097,24,29,Lowprice,four,fwd,front,3.6,3.9,139,5097
1,125,mitsubishi,gas,std,four,sedan,fwd,front,95.9,173.2,66.3,51.6,2365,ohc,four,122,2bbl,3.35,3.46,8.5,93,5047,24,24,Lowprice,four,fwd,front,3.35,3.46,93,5047
1,125,mitsubishi,gas,std,four,sedan,fwd,front,95.9,173.2,66.3,51.6,2365,ohc,four,122,2bbl,3.35,3.46,8.5,134,5133,22,32,Lowprice,four,fwd,front,3.35,3.46,134,5133
1,125,mitsubishi,gas,std,four,sedan,fwd,front,95.9,173.2,66.3,51.6,2403,ohc,four,110,spdi,3.17,3.46,7.5,91,5063,25,28,Lowprice,four,fwd,front,3.17,3.46,91,5063
1,125,mitsubishi,gas,std,four,sedan,fwd,front,95.9,173.2,66.3,51.6,2403,ohc,four,110,spdi,3.17,3.46,7.5,91,5465,22,30,Lowprice,four,fwd,front,3.17,3.46,91,5465
1,125,mitsubishi,gas,std,four,sedan,fwd,front,95.9,173.2,66.3,51.6,2403,ohc,four,110,spdi,3.17,3.46,7.5,95,5474,20,29,Lowprice,four,fwd,front,3.17,3.46,95,5474
1,125,mitsubishi,gas,std,four,sedan,fwd,front,95.9,173.2,66.3,51.6,2403,ohc,four,110,spdi,3.17,3.46,7.5,102,5261,24,30,Lowprice,four,fwd,front,3.17,3.46,102,5261
1,125,mitsubishi,gas,std,four,sedan,fwd,front,95.9,173.2,66.3,51.6,2405,ohc,four,122,2bbl,3.35,3.46,8.5,99,5233,21,29,Lowprice,four,fwd,front,3.35,3.46,99,5233
1,125,mitsubishi,gas,std,four,sedan,fwd,front,95.9,173.2,66.3,51.6,2405,ohc,four,122,2bbl,3.35,3.46,8.5,130,5118,21,25,Lowprice,four,fwd,front,3.35,3.46,130,5118
1,125,mitsubishi,gas,std,four,sedan,fwd,front,95.9,173.2,66.3,51.6,2405,ohc,four,122,2bbl,3.35,3.46,8.5,140,5039,25,29,Lowprice,four,fwd,front,3.35,3.46,140,5039
1,125,mitsubishi,gas,std,four,sedan,fwd,front,95.9,173.2,66.3,51.6,2405,ohc,four,122,2bbl,3.35,3.46,8.5,145,5077,23,25,Lowprice,four,fwd,front,3.35,3.46,145,5077
1,125,mitsubishi,gas,std,four,sedan,fwd,front,96.3,172.4,65.4,50.2,2818,ohc,four,156,spdi,3.59,3.86,7,100,5214,21,26,Lowprice,four,fwd,front,3.59,3.86,100,5214
1,125,mitsubishi,gas,std,four,sedan,fwd,front,96.3,172.4,65.4,50.2,2818,ohc,four,156,spdi,3.59,3.86,7,127,5371,21,28,Lowprice,four,fwd,front,3.59,3.86,127,5371
1,125,mitsubishi,gas,std,four,sedan,fwd,front,96.3,172.4,65.4,51.6,2365,ohc,four,122,2bbl,3.35,3.46,8.5,88,5000,25,32,Lowprice,four,fwd,front,3.35,3.46,88,5000
1,125,mitsubishi,gas,std,four,sedan,fwd,front,96.3,172.4,65.4,51.6,2403,ohc,four,110,spdi,3.17,3.46,7.5,92,5040,21,26,Lowprice,four,fwd,front,3.17,3.46,92,5040
1,125,mitsubishi,gas,std,four,sedan,fwd,front,96.3,172.4,65.4,51.6,2403,ohc,four,110,spdi,3.17,3.46,7.5,99,5386,23,29,Lowprice,four,fwd,front,3.17,3.46,99,5386
1,125,mitsubishi,gas,std,four,sedan,fwd,front,96.3,172.4,65.4,51.6,2403,ohc,four,110,spdi,3.17,3.46,7.5,103,5306,25,28,Lowprice,four,fwd,front,3.17,3.46,103,5306
1,125,mitsubishi,gas,std,four,sedan,fwd,front,96.3,172.4,65.4,51.6,2403,ohc,four,110,spdi,3.17,3.46,7.5,125,5457,20,24,Lowprice,four,fwd,front,3.17,3.46,125,5457
1,125,mitsubishi,gas,std,four,sedan,fwd,front,96.3,172.4,65.4,51.6,2403,ohc,four,110,spdi,3.17,3.46,7.5,135,5075,25,25,Lowprice,four,fwd,front,3.17,3.46,135,5075
1,125,mitsubishi,gas,std,four,sedan,fwd,front,96.3,172.4,65.4,51.6,2403,ohc,four,110,spdi,3.17,3.46,7.5,138,5328,22,25,Lowprice,four,fwd,front,3.17,3.46,138,5328
1,125,mitsubishi,gas,std,four,sedan,fwd,front,96.3,172.4,65.4,51.6,2405,ohc,four,122,2bbl,3.35,3.46,8.5,88,5000,25,32,Lowprice,four,fwd,front,3.35,3.46,88,5000
1,125,mitsubishi,gas,std,four,sedan,fwd,front,96.3,172.4,65.4,51.6,2405,ohc,four,122,2bbl,3.35,3.46,8.5,99,5476,20,24,Lowprice,four,fwd,front,3.35,3.46,99,5476
1,125,mitsubishi,gas,std,four,sedan,fwd,front,96.3,172.4,65.4,51.6,2405,ohc,four,122,2bbl,3.35,3.46,8.5,137,5215,24,27,Lowprice,four,fwd,front,3.35,3.46,137,5215
1,125,mitsubishi,gas,turbo,four,sedan,fwd,,95.9,173.2,66.3,49.4,2370,ohc,four,110,spdi,3.17,3.46,7.5,107,5400,20,26,Lowprice,four,fwd,front,3.17,3.46,107,5400
1,125,mitsubishi,gas,turbo,four,sedan,fwd,,95.9,173.2,66.3,49.4,2370,ohc,four,110,spdi,3.17,3.46,7.5,109,5335,19,24,Lowprice,four,fwd,front,3.17,3.46,109,5335
1,125,mitsubishi,gas,turbo,four,sedan,fwd,,96.3,172.4,65.4,51.4,2734,ohc,four,119,spfi,3.43,3.23,9.2,113,5251,23,25,Lowprice,four,fwd,front,3.43,3.23,113,5251
1,125,mitsubishi,gas,turbo,four,sedan,fwd,,96.3,172.4,65.4,51.4,2734,ohc,four,119,spfi,3.43,3.23,9.2,142,5269,23,32,Lowprice,four,fwd,front,3.43,3.23,142,5269
1,125,mitsubishi,gas,turbo,four,sedan,fwd,front,95.9,173.2,66.3,50.2,2818,ohc,four,156,spdi,3.59,3.86,7,129,5394,20,31,Lowprice,four,fwd,front,3.59,3.86,129,5394
1,125,mitsubishi,gas,turbo,four,sedan,fwd,front,95.9,173.2,66.3,50.2,2818,ohc,four,156,spdi,3.59,3.86,7,142,5171,22,26,Lowprice,four,fwd,front,3.59,3.86,142,5171
1,125,mitsubishi,gas,turbo,four,sedan,fwd,front,96.3,172.4,65.4,50.2,2811,ohc,four,156,mfi,3.6,3.9,7,105,5250,19,30,Lowprice,four,fwd,front,3.6,3.9,105,5250
1,125,mitsubishi,gas,turbo,four,sedan,fwd,front,96.3,172.4,65.4,50.2,2811,ohc,four,156,mfi,3.6,3.9,7,143,5036,20,27,Lowprice,four,fwd,front,3.6,3.9,143,5036
1,125,mitsubishi,gas,turbo,four,sedan,fwd,front,96.3,172.4,65.4,51.6,2403,ohc,four,110,spdi,3.17,3.46,7.5,91,5476,21,28,Lowprice,four,fwd,front,3.17,3.46,91,5476
1,125,mitsubishi,gas,turbo,four,sedan,fwd,front,96.3,172.4,65.4,51.6,2403,ohc,four,110,spdi,3.17,3.46,7.5,100,5257,22,32,Lowprice,four,fwd,front,3.17,3.46,100,5257
1,125,mitsubishi,gas,turbo,four,sedan,fwd,front,96.3,172.4,65.4,51.6,2403,ohc,four,110,spdi,3.17,3.46,7.5,105,5063,24,26,Lowprice,four,fwd,front,3.17,3.46,105,5063
1,125,mitsubishi,gas,turbo,four,sedan,fwd,front,96.3,172.4,65.4,51.6,2403,ohc,four,110,spdi,3.17,3.46,7.5,116,5226,21,30,Lowprice,four,fwd,front,3.17,3.46,116,5226
1,125,mitsubishi,gas,turbo,four,sedan,fwd,front,96.3,172.4,65.4,51.6,2403,ohc,four,110,spdi,3.17,3.46,7.5,116,5500,23,30,Lowprice,four,fwd,front,3.17,3.46,116,5500
1,125,mitsubishi,gas,turbo,four,sedan,fwd,front,96.3,172.4,65.4,51.6,2403,ohc,four,110,spdi,3.17,3.46,7.5,133,5076,19,29,Lowprice,four,fwd,front,3.17,3.46,133,5076
1,125,mitsubishi,gas,turbo,four,sedan,fwd,front,96.3,172.4,65.4,51.6,2403,ohc,four,110,spdi,3.17,3.46,7.5,136,5061,20,25,Lowprice,four,fwd,front,3.17,3.46,136,5061
1,128,nissan,diesel,std,two,sedan,fwd,front,94.5,165.3,63.8,54.5,2017,ohc,four,103,idi,2.99,3.47,21.9,55,4800,45,50,Lowprice,two,fwd,front,2.99,3.47,55,4800
1,128,nissan,gas,std,two,hatchback,fwd,front,94.5,165.6,63.8,53.3,2028,ohc,four,97,2bbl,3.15,3.29,9.4,69,5200,31,37,Lowprice,two,fwd,front,3.15,3.29,69,5200
1,128,nissan,gas,std,two,sedan,fwd,front,94.5,165.3,63.8,54.5,1889,ohc,four,97,2bbl,3.15,3.29,9.4,69,5200,31,37,Lowprice,two,fwd,front,3.15,3.29,69,5200
1,128,nissan,gas,std,two,sedan,fwd,front,94.5,165.3,63.8,54.5,1918,ohc,four,97,2bbl,3.15,3.29,9.4,69,5200,31,37,Lowprice,two,fwd,front,3.15,3.29,69,5200
1,128,nissan,gas,std,two,sedan,fwd,front,94.5,165.3,63.8,54.5,1951,ohc,four,97,2bbl,3.15,3.29,9.4,69,5200,31,37,Lowprice,two,fwd,front,3.15,3.29,69,5200
1,129,mazda,gas,std,two,hatchback,fwd,front,98.8,177.8,66.5,53.7,2385,ohc,four,122,2bbl,3.39,3.39,8.6,84,4800,26,32,Lowprice,two,fwd,front,3.39,3.39,84,4800
1,148,dodge,gas,std,four,hatchback,fwd,front,93.7,157.3,63.8,50.6,1967,ohc,four,90,2bbl,2.97,3.23,9.4,68,5500,31,38,Lowprice,four,fwd,front,2.97,3.23,68,5500
1,148,dodge,gas,std,four,sedan,fwd,front,93.7,157.3,63.8,50.6,1989,ohc,four,90,2bbl,2.97,3.23,9.4,68,5500,31,38,Lowprice,four,fwd,front,2.97,3.23,68,5500
1,148,dodge,gas,turbo,?,sedan,fwd,front,93.7,157.3,63.8,50.6,2191,ohc,four,98,mpfi,3.03,3.39,7.6,102,5500,24,30,Lowprice,two,fwd,front,3.03,3.39,102,5500
1,154,plymouth,gas,std,four,hatchback,fwd,front,93.7,157.3,63.8,50.6,1967,ohc,four,90,2bbl,2.97,3.23,9.4,68,5500,31,38,Lowprice,four,fwd,front,2.97,3.23,68,5500
1,154,plymouth,gas,std,four,sedan,fwd,front,93.7,167.3,63.8,50.8,1989,ohc,four,90,2bbl,2.97,3.23,9.4,68,5500,31,38,Lowprice,four,fwd,front,2.97,3.23,68,5500
1,154,plymouth,gas,std,four,sedan,fwd,front,93.7,167.3,63.8,50.8,2191,ohc,four,98,2bbl,2.97,3.23,9.4,68,5500,31,38,Lowprice,four,fwd,front,2.97,3.23,68,5500
1,158,audi,gas,std,four,sedan,fwd,front,105.8,192.7,71.4,55.7,2844,ohc,five,136,mpfi,3.19,3.4,8.5,110,5500,19,25,Lowprice,four,fwd,front,3.19,3.4,110,5500
1,158,audi,gas,turbo,four,sedan,fwd,front,105.8,192.7,71.4,55.9,3086,ohc,five,131,mpfi,3.13,3.4,8.3,140,5500,17,20,Highprice,four,fwd,front,3.13,3.4,140,5500
1,161,mitsubishi,gas,turbo,two,hatchback,fwd,front,93,157.3,63.8,50.8,2145,ohc,four,98,spdi,3.03,3.39,7.6,102,5500,24,30,Lowprice,two,fwd,front,3.03,3.39,102,5500
1,168,toyota,gas,std,two,hatchback,rwd,front,94.5,168.7,64,52.6,2204,ohc,four,98,2bbl,3.19,3.03,9,70,4800,29,34,Lowprice,two,rwd,front,3.19,3.03,70,4800
1,168,toyota,gas,std,two,hatchback,rwd,front,94.5,168.7,64,52.6,2300,dohc,four,98,mpfi,3.24,3.08,9.4,112,6600,26,29,Lowprice,two,rwd,front,3.24,3.08,112,6600
1,168,toyota,gas,std,two,sedan,rwd,front,94.5,168.7,64,52.6,2169,ohc,four,98,2bbl,3.19,3.03,9,70,4800,29,34,Lowprice,two,rwd,front,3.19,3.03,70,4800
1,168,toyota,gas,std,two,sedan,rwd,front,94.5,168.7,64,52.6,2265,dohc,four,98,mpfi,3.24,3.08,9.4,112,6600,26,29,Lowprice,two,rwd,front,3.24,3.08,112,6600
1,231,nissan,gas,std,two,hatchback,rwd,front,99.2,178.5,67.9,49.7,3139,ohcv,six,181,mpfi,3.43,3.27,9,160,5200,19,25,Highprice,two,rwd,front,3.43,3.27,160,5200
2,,audi,gas,std,two,sedan,fwd,front,99.8,177.3,66.3,53.1,2507,ohc,five,136,mpfi,3.19,3.4,8.5,110,5500,19,25,Lowprice,two,fwd,front,3.19,3.4,110,5500
2,,isuzu,gas,std,two,hatchback,rwd,,96.3,172.4,65.4,50.2,2926,ohc,four,156,spdi,3.59,3.86,7,101,5091,19,32,Lowprice,two,rwd,front,3.59,3.86,101,5091
2,,isuzu,gas,std,two,hatchback,rwd,,96.3,172.4,65.4,50.2,2926,ohc,four,156,spdi,3.59,3.86,7,128,5486,25,30,Lowprice,two,rwd,front,3.59,3.86,128,5486
2,,isuzu,gas,std,two,hatchback,rwd,front,50,173.2,66.3,49.4,2328,ohc,four,122,2bbl,3.35,3.46,8.5,125,5371,22,24,Lowprice,two,rwd,front,3.35,3.46,125,5371
2,,isuzu,gas,std,two,hatchback,rwd,front,50,173.2,66.3,49.4,2328,ohc,four,122,2bbl,3.35,3.46,8.5,126,5084,22,24,Lowprice,two,rwd,front,3.35,3.46,126,5084
2,,isuzu,gas,std,two,hatchback,rwd,front,95.9,173.2,66.3,49.4,2370,ohc,four,110,spdi,3.17,3.46,7.5,102,5223,20,24,Lowprice,two,rwd,front,3.17,3.46,102,5223
2,,isuzu,gas,std,two,hatchback,rwd,front,95.9,173.2,66.3,49.4,2370,ohc,four,110,spdi,3.17,3.46,7.5,113,5441,20,24,Lowprice,two,rwd,front,3.17,3.46,113,5441
2,,isuzu,gas,std,two,hatchback,rwd,front,95.9,173.2,66.3,50.2,2921,ohc,four,156,spdi,3.59,3.86,7,97,5265,21,29,Lowprice,two,rwd,front,3.59,3.86,97,5265
2,,isuzu,gas,std,two,hatchback,rwd,front,95.9,173.2,66.3,50.2,2921,ohc,four,156,spdi,3.59,3.86,7,131,5206,21,24,Lowprice,two,rwd,front,3.59,3.86,131,5206
2,,isuzu,gas,std,two,hatchback,rwd,front,96,172.6,65.2,51.4,2734,ohc,four,119,spfi,3.43,3.23,9.2,90,5000,24,29,Lowprice,two,rwd,front,3.43,3.23,90,5000
2,,isuzu,gas,std,two,hatchback,rwd,front,96,172.6,65.2,51.4,2734,ohc,four,119,spfi,3.43,3.23,9.2,143,5436,21,31,Lowprice,two,rwd,front,3.43,3.23,143,5436
2,,isuzu,gas,std,two,hatchback,rwd,front,96.3,172.4,65.4,50.2,2833,ohc,four,156,spdi,3.58,3.86,7,98,5250,19,25,Lowprice,two,rwd,front,3.58,3.86,98,5250
2,,isuzu,gas,std,two,hatchback,rwd,front,96.3,172.4,65.4,50.2,2833,ohc,four,156,spdi,3.58,3.86,7,109,5087,25,26,Lowprice,two,rwd,front,3.58,3.86,109,5087
2,,renault,gas,std,two,hatchback,fwd,front,96.1,176.8,66.6,50.5,2460,ohc,four,132,mpfi,3.46,3.9,8.7,,,23,31,Lowprice,two,fwd,front,3.46,3.9,101,5178
2,83,subaru,gas,std,two,hatchback,4wd,front,93.3,157.3,63.8,55.7,2240,ohcf,four,108,2bbl,3.62,2.64,8.7,73,4400,26,31,Lowprice,two,fwd,front,3.62,2.64,73,4400
2,83,subaru,gas,std,two,hatchback,fwd,front,93.7,156.9,63.4,53.7,2050,ohcf,four,97,2bbl,3.62,2.36,9,69,4900,31,36,Lowprice,two,fwd,front,3.62,2.36,69,4900
2,83,subaru,gas,std,two,hatchback,fwd,front,93.7,157.9,63.6,53.7,2120,ohcf,four,108,2bbl,3.62,2.64,8.7,73,4400,26,31,Lowprice,two,fwd,front,3.62,2.64,73,4400
2,94,volkswagen,diesel,std,four,sedan,fwd,front,97.3,171.7,65.5,55.7,2264,ohc,four,97,idi,3.01,3.4,23,52,4800,37,46,Lowprice,four,fwd,front,3.01,3.4,52,4800
2,94,volkswagen,diesel,turbo,four,sedan,fwd,front,97.3,171.7,65.5,55.7,2319,ohc,four,97,idi,3.01,3.4,23,68,4500,37,42,Lowprice,four,fwd,front,3.01,3.4,68,4500
2,94,volkswagen,gas,std,four,sedan,fwd,front,97.3,171.7,65.5,55.7,2212,ohc,four,109,mpfi,3.19,3.4,9,85,5250,27,34,Lowprice,four,fwd,front,3.19,3.4,85,5250
2,94,volkswagen,gas,std,four,sedan,fwd,front,97.3,171.7,65.5,55.7,2275,ohc,four,109,mpfi,3.19,3.4,9,85,5250,27,34,Lowprice,four,fwd,front,3.19,3.4,85,5250
2,94,volkswagen,gas,std,four,sedan,fwd,front,97.3,171.7,65.5,55.7,2300,ohc,four,109,mpfi,3.19,3.4,10,100,5500,26,32,Lowprice,four,fwd,front,3.19,3.4,100,5500
2,104,saab,gas,std,four,sedan,fwd,front,99.1,186.6,66.5,56.1,2695,ohc,four,121,mpfi,3.54,3.07,9.3,110,5250,21,28,Lowprice,four,fwd,front,3.54,3.07,110,5250
2,104,saab,gas,std,four,sedan,fwd,front,99.1,186.6,66.5,56.1,2758,ohc,four,121,mpfi,3.54,3.07,9.3,110,5250,21,28,Lowprice,four,fwd,front,3.54,3.07,110,5250
2,104,saab,gas,turbo,four,sedan,fwd,front,99.1,186.6,66.5,56.1,2847,dohc,four,121,mpfi,3.54,3.07,9,160,5500,19,26,Highprice,four,fwd,front,3.54,3.07,160,5500
2,121,chevrolet,gas,std,two,hatchback,fwd,front,88.4,141.1,60.3,53.2,1488,l,three,61,2bbl,2.91,3.03,9.5,48,5100,47,53,Lowprice,two,fwd,front,2.91,3.03,48,5100
2,122,volkswagen,diesel,std,two,sedan,fwd,front,97.3,171.7,65.5,55.7,2261,ohc,four,97,idi,3.01,3.4,23,52,4800,37,46,Lowprice,two,fwd,front,3.01,3.4,52,4800
2,122,volkswagen,gas,std,two,sedan,fwd,front,97.3,171.7,65.5,55.7,2209,ohc,four,109,mpfi,3.19,3.4,9,85,5250,27,34,Lowprice,two,fwd,front,3.19,3.4,85,5250
2,134,toyota,gas,std,two,convertible,rwd,front,98.4,176.2,65.6,53,2975,ohc,four,146,mpfi,3.62,3.5,9.3,116,4800,24,30,Lowprice,two,rwd,front,3.62,3.5,116,4800
2,134,toyota,gas,std,two,hardtop,rwd,front,98.4,176.2,65.6,52,2536,ohc,four,146,mpfi,3.62,3.5,9.3,116,4800,24,30,Lowprice,two,rwd,front,3.62,3.5,116,4800
2,134,toyota,gas,std,two,hardtop,rwd,front,98.4,176.2,65.6,52,2540,ohc,four,146,mpfi,3.62,3.5,9.3,116,4800,24,30,Lowprice,two,rwd,front,3.62,3.5,116,4800
2,134,toyota,gas,std,two,hardtop,rwd,front,98.4,176.2,65.6,52,2679,ohc,four,146,mpfi,3.62,3.5,9.3,116,4800,24,30,Lowprice,two,rwd,front,3.62,3.5,116,4800
2,134,toyota,gas,std,two,hatchback,rwd,front,98.4,176.2,65.6,52,2551,ohc,four,146,mpfi,3.62,3.5,9.3,116,4800,24,30,Lowprice,two,rwd,front,3.62,3.5,116,4800
2,134,toyota,gas,std,two,hatchback,rwd,front,98.4,176.2,65.6,52,2714,ohc,four,146,mpfi,3.62,3.5,9.3,116,4800,24,30,Lowprice,two,rwd,front,3.62,3.5,116,4800
2,137,honda,gas,std,two,hatchback,fwd,front,86.6,144.6,63.9,50.8,1713,ohc,four,92,1bbl,2.91,3.41,9.6,58,4800,49,54,Lowprice,two,fwd,front,2.91,3.41,58,4800
2,137,honda,gas,std,two,hatchback,fwd,front,86.6,144.6,63.9,50.8,1819,ohc,four,92,1bbl,2.91,3.41,9.2,76,6000,31,38,Lowprice,two,fwd,front,2.91,3.41,76,6000
2,161,mitsubishi,gas,std,two,hatchback,fwd,front,93.7,157.3,64.4,50.8,1918,ohc,four,92,2bbl,2.97,3.23,9.4,68,5500,37,41,Lowprice,two,fwd,front,2.97,3.23,68,5500
2,161,mitsubishi,gas,std,two,hatchback,fwd,front,93.7,157.3,64.4,50.8,1944,ohc,four,92,2bbl,2.97,3.23,9.4,68,5500,31,38,Lowprice,two,fwd,front,2.97,3.23,68,5500
2,161,mitsubishi,gas,std,two,hatchback,fwd,front,93.7,157.3,64.4,50.8,2004,ohc,four,92,2bbl,2.97,3.23,9.4,68,5500,31,38,Lowprice,two,fwd,front,2.97,3.23,68,5500
2,164,audi,gas,std,four,sedan,4wd,front,99.4,176.6,66.4,54.3,2824,ohc,five,136,mpfi,3.19,3.4,8,115,5500,18,22,Lowprice,four,fwd,front,3.19,3.4,115,5500
2,164,audi,gas,std,four,sedan,fwd,front,99.8,176.6,66.2,54.3,2337,ohc,four,109,mpfi,3.19,3.4,10,102,5500,24,30,Lowprice,four,fwd,front,3.19,3.4,102,5500
2,168,nissan,gas,std,two,hardtop,fwd,front,95.1,162.4,63.8,53.3,2008,ohc,four,97,2bbl,3.15,3.29,9.4,69,5200,31,37,Lowprice,two,fwd,front,3.15,3.29,69,5200
2,192,bmw,gas,std,two,sedan,rwd,front,101.2,176.8,64.8,54.3,2395,ohc,four,108,mpfi,3.5,2.8,8.8,101,5800,23,29,Lowprice,two,rwd,front,3.5,2.8,101,5800
3,,alfa-romero,gas,std,two,convertible,rwd,front,88.6,168.8,64.1,48.8,2548,dohc,four,130,mpfi,3.47,2.68,9,111,5000,21,27,Lowprice,two,rwd,front,3.47,2.68,111,5000
3,,mitsubishi,gas,turbo,two,hatchback,fwd,,95.9,173.2,66.3,51.6,2403,ohc,four,110,spdi,3.17,3.46,7.5,106,5387,22,26,Lowprice,two,fwd,front,3.17,3.46,106,5387
3,,mitsubishi,gas,turbo,two,hatchback,fwd,,95.9,173.2,66.3,51.6,2403,ohc,four,110,spdi,3.17,3.46,7.5,111,5307,20,24,Lowprice,two,fwd,front,3.17,3.46,111,5307
3,,mitsubishi,gas,turbo,two,hatchback,fwd,,96.3,172.4,65.4,50.2,2818,ohc,four,156,spdi,3.59,3.86,7,96,5206,20,31,Lowprice,two,fwd,front,3.59,3.86,96,5206
3,,mitsubishi,gas,turbo,two,hatchback,fwd,,96.3,172.4,65.4,50.2,2818,ohc,four,156,spdi,3.59,3.86,7,108,5102,19,27,Lowprice,two,fwd,front,3.59,3.86,108,5102
3,,mitsubishi,gas,turbo,two,hatchback,fwd,,96.3,172.4,65.4,51.6,2403,ohc,four,110,spdi,3.17,3.46,7.5,110,5425,20,26,Lowprice,two,fwd,front,3.17,3.46,110,5425
3,,mitsubishi,gas,turbo,two,hatchback,fwd,,96.3,172.4,65.4,51.6,2403,ohc,four,110,spdi,3.17,3.46,7.5,123,5123,19,28,Lowprice,two,fwd,front,3.17,3.46,123,5123
3,,mitsubishi,gas,turbo,two,hatchback,fwd,,96.3,172.4,65.4,51.6,2403,ohc,four,110,spdi,3.17,3.46,7.5,129,5334,22,26,Lowprice,two,fwd,front,3.17,3.46,129,5334
3,,mitsubishi,gas,turbo,two,hatchback,fwd,,96.3,172.4,65.4,51.6,2403,ohc,four,110,spdi,3.17,3.46,7.5,144,5323,22,32,Lowprice,two,fwd,front,3.17,3.46,144,5323
3,,mitsubishi,gas,turbo,two,hatchback,fwd,front,95.9,173.2,66.3,50.2,2833,ohc,four,156,spdi,3.58,3.86,7,145,5000,19,24,Lowprice,two,fwd,front,3.58,3.86,145,5000
3,,mitsubishi,gas,turbo,two,hatchback,fwd,front,95.9,173.2,66.3,50.2,2921,ohc,four,156,spdi,3.59,3.86,7,145,5000,19,24,Lowprice,two,fwd,front,3.59,3.86,145,5000
3,,mitsubishi,gas,turbo,two,hatchback,fwd,front,95.9,173.2,66.3,50.2,2926,ohc,four,156,spdi,3.59,3.86,7,93,5074,24,27,Lowprice,two,fwd,front,3.59,3.86,93,5074
3,,mitsubishi,gas,turbo,two,hatchback,fwd,front,95.9,173.2,66.3,50.2,2926,ohc,four,156,spdi,3.59,3.86,7,98,5265,25,32,Lowprice,two,fwd,front,3.59,3.86,98,5265
3,,mitsubishi,gas,turbo,two,hatchback,fwd,front,95.9,173.2,66.3,50.2,2926,ohc,four,156,spdi,3.59,3.86,7,111,5079,24,26,Lowprice,two,fwd,front,3.59,3.86,111,5079
3,,mitsubishi,gas,turbo,two,hatchback,fwd,front,95.9,173.2,66.3,50.2,2926,ohc,four,156,spdi,3.59,3.86,7,114,5125,23,26,Lowprice,two,fwd,front,3.59,3.86,114,5125
3,,mitsubishi,gas,turbo,two,hatchback,fwd,front,95.9,173.2,66.3,50.2,2926,ohc,four,156,spdi,3.59,3.86,7,119,5131,19,32,Lowprice,two,fwd,front,3.59,3.86,119,5131
3,,mitsubishi,gas,turbo,two,hatchback,fwd,front,95.9,173.2,66.3,50.2,2926,ohc,four,156,spdi,3.59,3.86,7,132,5458,20,31,Lowprice,two,fwd,front,3.59,3.86,132,5458
3,,mitsubishi,gas,turbo,two,hatchback,fwd,front,95.9,173.2,66.3,50.2,2926,ohc,four,156,spdi,3.59,3.86,7,145,5000,19,24,Lowprice,two,fwd,front,3.59,3.86,145,5000
3,,mitsubishi,gas,turbo,two,hatchback,fwd,front,95.9,173.2,66.3,51.6,2365,ohc,four,122,2bbl,3.35,3.46,8.5,122,5126,20,25,Lowprice,two,fwd,front,3.35,3.46,122,5126
3,,mitsubishi,gas,turbo,two,hatchback,fwd,front,95.9,173.2,66.3,51.6,2365,ohc,four,122,2bbl,3.35,3.46,8.5,134,5069,21,31,Lowprice,two,fwd,front,3.35,3.46,134,5069
3,,mitsubishi,gas,turbo,two,hatchback,fwd,front,95.9,173.2,66.3,51.6,2403,ohc,four,110,spdi,3.17,3.46,7.5,88,5083,22,29,Lowprice,two,fwd,front,3.17,3.46,88,5083
3,,mitsubishi,gas,turbo,two,hatchback,fwd,front,95.9,173.2,66.3,51.6,2403,ohc,four,110,spdi,3.17,3.46,7.5,96,5184,25,25,Lowprice,two,fwd,front,3.17,3.46,96,5184
3,,mitsubishi,gas,turbo,two,hatchback,fwd,front,95.9,173.2,66.3,51.6,2403,ohc,four,110,spdi,3.17,3.46,7.5,96,5340,21,25,Lowprice,two,fwd,front,3.17,3.46,96,5340
3,,mitsubishi,gas,turbo,two,hatchback,fwd,front,95.9,173.2,66.3,51.6,2403,ohc,four,110,spdi,3.17,3.46,7.5,111,5436,25,29,Lowprice,two,fwd,front,3.17,3.46,111,5436
3,,mitsubishi,gas,turbo,two,hatchback,fwd,front,95.9,173.2,66.3,51.6,2405,ohc,four,122,2bbl,3.35,3.46,8.5,114,5430,22,25,Lowprice,two,fwd,front,3.35,3.46,114,5430
3,,mitsubishi,gas,turbo,two,hatchback,fwd,front,95.9,173.2,66.3,51.6,2405,ohc,four,122,2bbl,3.35,3.46,8.5,141,5358,20,30,Lowprice,two,fwd,front,3.35,3.46,141,5358
3,,mitsubishi,gas,turbo,two,hatchback,fwd,front,96.3,172.4,65.4,51.6,2365,ohc,four,122,2bbl,3.35,3.46,8.5,117,5124,22,30,Lowprice,two,fwd,front,3.35,3.46,117,5124
3,,mitsubishi,gas,turbo,two,hatchback,fwd,front,96.3,172.4,65.4,51.6,2365,ohc,four,122,2bbl,3.35,3.46,8.5,118,5262,21,24,Lowprice,two,fwd,front,3.35,3.46,118,5262
3,,mitsubishi,gas,turbo,two,hatchback,fwd,front,96.3,172.4,65.4,51.6,2365,ohc,four,122,2bbl,3.35,3.46,8.5,125,5464,22,25,Lowprice,two,fwd,front,3.35,3.46,125,5464
3,,mitsubishi,gas,turbo,two,hatchback,fwd,front,96.3,172.4,65.4,51.6,2365,ohc,four,122,2bbl,3.35,3.46,8.5,138,5240,25,24,Lowprice,two,fwd,front,3.35,3.46,138,5240
3,,mitsubishi,gas,turbo,two,hatchback,fwd,front,96.3,172.4,65.4,51.6,2405,ohc,four,122,2bbl,3.35,3.46,8.5,90,5279,21,28,Lowprice,two,fwd,front,3.35,3.46,90,5279
3,,mitsubishi,gas,turbo,two,hatchback,fwd,front,96.3,172.4,65.4,51.6,2405,ohc,four,122,2bbl,3.35,3.46,8.5,111,5499,21,28,Lowprice,two,fwd,front,3.35,3.46,111,5499
3,,mitsubishi,gas,turbo,two,hatchback,fwd,front,96.3,173,65.4,50.2,2833,ohc,four,156,spdi,3.58,3.86,7,117,5132,24,27,Lowprice,two,fwd,front,3.58,3.86,117,5132
3,,mitsubishi,gas,turbo,two,hatchback,fwd,front,96.3,173,65.4,50.2,2833,ohc,four,156,spdi,3.58,3.86,7,129,5209,19,29,Lowprice,two,fwd,front,3.58,3.86,129,5209
3,,mitsubishi,gas,turbo,two,hatchback,fwd,front,96.3,173,65.4,50.2,2921,ohc,four,156,spdi,3.59,3.86,7,90,5208,23,27,Lowprice,two,fwd,front,3.59,3.86,90,5208
3,,mitsubishi,gas,turbo,two,hatchback,fwd,front,96.3,173,65.4,50.2,2921,ohc,four,156,spdi,3.59,3.86,7,115,5148,23,29,Lowprice,two,fwd,front,3.59,3.86,115,5148
3,,mitsubishi,gas,turbo,two,hatchback,fwd,front,96.3,173,65.4,50.2,2921,ohc,four,156,spdi,3.59,3.86,7,133,5280,23,25,Lowprice,two,fwd,front,3.59,3.86,133,5280
3,,mitsubishi,gas,turbo,two,hatchback,fwd,front,96.3,173,65.4,50.2,2921,ohc,four,156,spdi,3.59,3.86,7,140,5382,24,25,Lowprice,two,fwd,front,3.59,3.86,140,5382
3,,mitsubishi,gas,turbo,two,hatchback,fwd,front,96.3,173,65.4,50.2,2926,ohc,four,156,spdi,3.59,3.86,7,91,5244,21,25,Lowprice,two,fwd,front,3.59,3.86,91,5244
3,,mitsubishi,gas,turbo,two,hatchback,fwd,front,96.3,173,65.4,50.2,2926,ohc,four,156,spdi,3.59,3.86,7,112,5143,20,29,Lowprice,two,fwd,front,3.59,3.86,112,5143
3,,mitsubishi,gas,turbo,two,hatchback,fwd,front,96.3,173,65.4,51.6,2365,ohc,four,122,2bbl,3.35,3.46,8.5,111,5034,20,24,Lowprice,two,fwd,front,3.35,3.46,111,5034
3,,mitsubishi,gas,turbo,two,hatchback,fwd,front,96.3,173,65.4,51.6,2365,ohc,four,122,2bbl,3.35,3.46,8.5,132,5078,24,24,Lowprice,two,fwd,front,3.35,3.46,132,5078
3,,mitsubishi,gas,turbo,two,hatchback,fwd,front,96.3,173,65.4,51.6,2405,ohc,four,122,2bbl,3.35,3.46,8.5,116,5072,25,30,Lowprice,two,fwd,front,3.35,3.46,116,5072
3,,mitsubishi,gas,turbo,two,hatchback,fwd,front,96.3,173,65.4,51.6,2405,ohc,four,122,2bbl,3.35,3.46,8.5,133,5141,22,32,Lowprice,two,fwd,front,3.35,3.46,133,5141
3,,plymouth,gas,turbo,two,hatchback,rwd,,96.3,172.4,65.4,49.4,2328,ohc,four,122,2bbl,3.35,3.46,8.5,96,5138,22,27,Lowprice,two,rwd,front,3.35,3.46,96,5138
3,,plymouth,gas,turbo,two,hatchback,rwd,,96.3,172.4,65.4,49.4,2328,ohc,four,122,2bbl,3.35,3.46,8.5,98,5253,24,28,Lowprice,two,rwd,front,3.35,3.46,98,5253
3,,plymouth,gas,turbo,two,hatchback,rwd,front,50,172.4,65.4,50.2,2811,ohc,four,156,mfi,3.6,3.9,7,97,5028,21,27,Lowprice,two,rwd,front,3.6,3.9,97,5028
3,,plymouth,gas,turbo,two,hatchback,rwd,front,50,172.4,65.4,50.2,2811,ohc,four,156,mfi,3.6,3.9,7,119,5043,25,26,Lowprice,two,rwd,front,3.6,3.9,119,5043
3,,plymouth,gas,turbo,two,hatchback,rwd,front,95.9,173.2,66.3,50.2,2818,ohc,four,156,spdi,3.59,3.86,7,145,5000,19,24,Lowprice,two,rwd,front,3.59,3.86,145,5000
3,,plymouth,gas,turbo,two,hatchback,rwd,front,95.9,173.2,66.3,51.4,2734,ohc,four,119,spfi,3.43,3.23,9.2,118,5498,25,32,Lowprice,two,rwd,front,3.43,3.23,118,5498
3,,plymouth,gas,turbo,two,hatchback,rwd,front,95.9,173.2,66.3,51.4,2734,ohc,four,119,spfi,3.43,3.23,9.2,128,5395,20,29,Lowprice,two,rwd,front,3.43,3.23,128,5395
3,,plymouth,gas,turbo,two,hatchback,rwd,front,95.9,173.2,66.3,51.6,2403,ohc,four,156,mfi,3.6,3.9,7,90,5102,21,26,Lowprice,two,rwd,front,3.6,3.9,90,5102
3,,plymouth,gas,turbo,two,hatchback,rwd,front,95.9,173.2,66.3,51.6,2403,ohc,four,156,mfi,3.6,3.9,7,106,5113,21,30,Lowprice,two,rwd,front,3.6,3.9,106,5113
3,,plymouth,gas,turbo,two,hatchback,rwd,front,96.3,172.4,65.4,49.4,2370,ohc,four,110,spdi,3.17,3.46,7.5,105,5356,22,32,Lowprice,two,rwd,front,3.17,3.46,105,5356
3,,plymouth,gas,turbo,two,hatchback,rwd,front,96.3,172.4,65.4,49.4,2370,ohc,four,110,spdi,3.17,3.46,7.5,125,5162,23,31,Lowprice,two,rwd,front,3.17,3.46,125,5162
3,,plymouth,gas,turbo,two,hatchback,rwd,front,96.3,172.4,65.4,50.2,2818,ohc,four,156,spdi,3.59,3.86,7,90,5314,23,30,Lowprice,two,rwd,front,3.59,3.86,90,5314
3,,plymouth,gas,turbo,two,hatchback,rwd,front,96.3,172.4,65.4,50.2,2818,ohc,four,156,spdi,3.59,3.86,7,135,5120,22,31,Lowprice,two,rwd,front,3.59,3.86,135,5120
3,,plymouth,gas,turbo,two,hatchback,rwd,front,96.3,172.4,65.4,50.2,2833,ohc,four,156,spdi,3.58,3.86,7,92,5300,23,25,Lowprice,two,rwd,front,3.58,3.86,92,5300
3,,plymouth,gas,turbo,two,hatchback,rwd,front,96.3,172.4,65.4,50.2,2833,ohc,four,156,spdi,3.58,3.86,7,134,5095,22,30,Lowprice,two,rwd,front,3.58,3.86,134,5095
3,,porsche,gas,std,two,convertible,rwd,rear,89.5,168.9,65,51.6,2800,ohcf,six,194,mpfi,3.74,2.9,9.5,207,5900,17,25,Highprice,two,rwd,rear,3.74,2.9,207,5900
3,,porsche,gas,std,two,hardtop,rwd,rear,89.5,168.9,65,51.6,2756,ohcf,six,194,mpfi,3.74,2.9,9.5,207,5900,17,25,Highprice,two,rwd,rear,3.74,2.9,207,5900
3,,volkswagen,gas,std,two,convertible,fwd,front,94.5,159.3,64.2,55.6,2254,ohc,four,109,mpfi,3.19,3.4,8.5,90,5500,24,29,Lowprice,two,fwd,front,3.19,3.4,90,5500
3,142,mercedes-benz,gas,std,two,convertible,rwd,front,96.6,180.3,70.5,50.8,3685,ohcv,eight,234,mpfi,3.46,3.1,8.3,155,4750,16,18,Highprice,two,rwd,front,3.46,3.1,155,4750
3,145,dodge,gas,turbo,two,hatchback,fwd,,95.9,173.2,66.3,50.2,2833,ohc,four,156,spdi,3.58,3.86,7,89,5498,25,31,Lowprice,two,fwd,front,3.58,3.86,89,5498
3,145,dodge,gas,turbo,two,hatchback,fwd,,95.9,173.2,66.3,50.2,2833,ohc,four,156,spdi,3.58,3.86,7,144,5486,25,24,Lowprice,two,fwd,front,3.58,3.86,144,5486
3,145,dodge,gas,turbo,two,hatchback,fwd,,95.9,173.2,66.3,50.2,2921,ohc,four,156,spdi,3.59,3.86,7,123,5281,19,26,Lowprice,two,fwd,front,3.59,3.86,123,5281
3,145,dodge,gas,turbo,two,hatchback,fwd,,95.9,173.2,66.3,50.2,2921,ohc,four,156,spdi,3.59,3.86,7,125,5215,21,32,Lowprice,two,fwd,front,3.59,3.86,125,5215
3,145,dodge,gas,turbo,two,hatchback,fwd,front,50,172.4,65.4,51.4,2734,ohc,four,119,spfi,3.43,3.23,9.2,92,5197,21,28,Lowprice,two,fwd,front,3.43,3.23,92,5197
3,145,dodge,gas,turbo,two,hatchback,fwd,front,50,172.4,65.4,51.4,2734,ohc,four,119,spfi,3.43,3.23,9.2,114,5500,20,31,Lowprice,two,fwd,front,3.43,3.23,114,5500
3,145,dodge,gas,turbo,two,hatchback,fwd,front,50,173.2,66.3,49.4,2370,ohc,four,110,spdi,3.17,3.46,7.5,91,5498,19,28,Lowprice,two,fwd,front,3.17,3.46,91,5498
3,145,dodge,gas,turbo,two,hatchback,fwd,front,50,173.2,66.3,49.4,2370,ohc,four,110,spdi,3.17,3.46,7.5,127,5241,22,30,Lowprice,two,fwd,front,3.17,3.46,127,5241
3,145,dodge,gas,turbo,two,hatchback,fwd,front,95.9,173.2,66.3,49.4,2328,ohc,four,122,2bbl,3.35,3.46,8.5,101,5079,23,24,Lowprice,two,fwd,front,3.35,3.46,101,5079
3,145,dodge,gas,turbo,two,hatchback,fwd,front,95.9,173.2,66.3,49.4,2328,ohc,four,122,2bbl,3.35,3.46,8.5,102,5396,21,27,Lowprice,two,fwd,front,3.35,3.46,102,5396
3,145,dodge,gas,turbo,two,hatchback,fwd,front,95.9,173.2,66.3,49.4,2328,ohc,four,122,2bbl,3.35,3.46,8.5,119,5295,24,25,Lowprice,two,fwd,front,3.35,3.46,119,5295
3,145,dodge,gas,turbo,two,hatchback,fwd,front,95.9,173.2,66.3,49.4,2328,ohc,four,122,2bbl,3.35,3.46,8.5,145,5421,19,30,Lowprice,two,fwd,front,3.35,3.46,145,5421
3,145,dodge,gas,turbo,two,hatchback,fwd,front,95.9,173.2,66.3,49.4,2370,ohc,four,110,spdi,3.17,3.46,7.5,120,5126,24,27,Lowprice,two,fwd,front,3.17,3.46,120,5126
3,145,dodge,gas,turbo,two,hatchback,fwd,front,95.9,173.2,66.3,49.4,2370,ohc,four,110,spdi,3.17,3.46,7.5,128,5321,19,27,Lowprice,two,fwd,front,3.17,3.46,128,5321
3,145,dodge,gas,turbo,two,hatchback,fwd,front,95.9,173.2,66.3,50.2,2811,ohc,four,156,mfi,3.6,3.9,7,98,5293,24,26,Lowprice,two,fwd,front,3.6,3.9,98,5293
3,145,dodge,gas,turbo,two,hatchback,fwd,front,95.9,173.2,66.3,50.2,2811,ohc,four,156,mfi,3.6,3.9,7,145,5000,19,24,Lowprice,two,fwd,front,3.6,3.9,145,5000
3,145,dodge,gas,turbo,two,hatchback,fwd,front,95.9,173.2,66.3,50.2,2833,ohc,four,156,spdi,3.58,3.86,7,104,5023,22,30,Lowprice,two,fwd,front,3.58,3.86,104,5023
3,145,dodge,gas,turbo,two,hatchback,fwd,front,95.9,173.2,66.3,50.2,2833,ohc,four,156,spdi,3.58,3.86,7,133,5327,22,24,Lowprice,two,fwd,front,3.58,3.86,133,5327
3,145,dodge,gas,turbo,two,hatchback,fwd,front,95.9,173.2,66.3,50.2,2921,ohc,four,156,spdi,3.59,3.86,7,102,5015,20,28,Lowprice,two,fwd,front,3.59,3.86,102,5015
3,145,dodge,gas,turbo,two,hatchback,fwd,front,95.9,173.2,66.3,50.2,2921,ohc,four,156,spdi,3.59,3.86,7,105,5296,19,29,Lowprice,two,fwd,front,3.59,3.86,105,5296
3,145,dodge,gas,turbo,two,hatchback,fwd,front,95.9,173.2,66.3,51.4,2734,ohc,four,119,spfi,3.43,3.23,9.2,92,5017,25,26,Lowprice,two,fwd,front,3.43,3.23,92,5017
3,145,dodge,gas,turbo,two,hatchback,fwd,front,95.9,173.2,66.3,51.4,2734,ohc,four,119,spfi,3.43,3.23,9.2,122,5385,22,25,Lowprice,two,fwd,front,3.43,3.23,122,5385
3,145,dodge,gas,turbo,two,hatchback,fwd,front,96.3,172.4,65.4,50.2,2811,ohc,four,156,mfi,3.6,3.9,7,98,5263,24,29,Lowprice,two,fwd,front,3.6,3.9,98,5263
3,145,dodge,gas,turbo,two,hatchback,fwd,front,96.3,172.4,65.4,50.2,2811,ohc,four,156,mfi,3.6,3.9,7,113,5185,24,31,Lowprice,two,fwd,front,3.6,3.9,113,5185
3,145,dodge,gas,turbo,two,hatchback,fwd,front,96.3,172.4,65.4,51.6,2403,ohc,four,119,spfi,3.43,3.23,9.2,93,5499,23,27,Lowprice,two,fwd,front,3.43,3.23,93,5499
3,145,dodge,gas,turbo,two,hatchback,fwd,front,96.3,172.4,65.4,51.6,2403,ohc,four,119,spfi,3.43,3.23,9.2,119,5005,24,26,Lowprice,two,fwd,front,3.43,3.23,119,5005
3,145,dodge,gas,turbo,two,hatchback,fwd,front,96.3,172.4,65.4,51.6,2403,ohc,four,119,spfi,3.43,3.23,9.2,123,5198,19,32,Lowprice,two,fwd,front,3.43,3.23,123,5198
3,150,mazda,gas,std,two,hatchback,rwd,front,95.3,169,65.7,49.6,2380,rotor,two,70,4bbl,,,9.4,101,6000,17,23,Lowprice,two,rwd,front,3.29,3.36,101,6000
3,150,mazda,gas,std,two,hatchback,rwd,front,95.3,169,65.7,49.6,2385,rotor,two,70,4bbl,,,9.4,101,6000,17,23,Lowprice,two,rwd,front,3.29,3.36,101,6000
3,150,mazda,gas,std,two,hatchback,rwd,front,95.3,169,65.7,49.6,2500,rotor,two,80,mpfi,,,9.4,135,6000,16,23,Lowprice,two,rwd,front,3.29,3.36,135,6000
3,150,saab,gas,std,two,hatchback,fwd,front,99.1,186.6,66.5,56.1,2658,ohc,four,121,mpfi,3.54,3.07,9.31,110,5250,21,28,Lowprice,two,fwd,front,3.54,3.07,110,5250
3,150,saab,gas,std,two,hatchback,fwd,front,99.1,186.6,66.5,56.1,2707,ohc,four,121,mpfi,2.54,2.07,9.3,110,5250,21,28,Lowprice,two,fwd,front,2.54,2.07,110,5250
3,150,saab,gas,turbo,two,hatchback,fwd,front,99.1,186.6,66.5,56.1,2808,dohc,four,121,mpfi,3.54,3.07,9,160,5500,19,26,Highprice,two,fwd,front,3.54,3.07,160,5500
3,153,mitsubishi,gas,std,two,hatchback,fwd,,95.9,173.2,66.3,51.6,2405,ohc,four,122,2bbl,3.35,3.46,8.5,95,5374,21,30,Lowprice,two,fwd,front,3.35,3.46,95,5374
3,153,mitsubishi,gas,std,two,hatchback,fwd,,95.9,173.2,66.3,51.6,2405,ohc,four,122,2bbl,3.35,3.46,8.5,143,5236,25,29,Lowprice,two,fwd,front,3.35,3.46,143,5236
3,153,mitsubishi,gas,std,two,hatchback,fwd,front,95.9,173.2,66.3,50.2,2921,ohc,four,156,spdi,3.59,3.86,7,121,5355,25,31,Lowprice,two,fwd,front,3.59,3.86,121,5355
3,153,mitsubishi,gas,std,two,hatchback,fwd,front,95.9,173.2,66.3,50.2,2921,ohc,four,156,spdi,3.59,3.86,7,137,5396,21,29,Lowprice,two,fwd,front,3.59,3.86,137,5396
3,153,mitsubishi,gas,std,two,hatchback,fwd,front,96,172.6,65.2,49.4,2328,ohc,four,122,2bbl,3.35,3.46,8.5,100,5185,20,27,Lowprice,two,fwd,front,3.35,3.46,100,5185
3,153,mitsubishi,gas,std,two,hatchback,fwd,front,96,172.6,65.2,50.2,2833,ohc,four,156,spdi,3.58,3.86,7,104,5049,21,28,Lowprice,two,fwd,front,3.58,3.86,104,5049
3,153,mitsubishi,gas,std,two,hatchback,fwd,front,96,172.6,65.2,50.2,2833,ohc,four,156,spdi,3.58,3.86,7,110,5316,19,30,Lowprice,two,fwd,front,3.58,3.86,110,5316
3,153,mitsubishi,gas,std,two,hatchback,fwd,front,96.3,173,65.4,49.4,2328,ohc,four,122,2bbl,3.35,3.46,8.5,88,5000,25,32,Lowprice,two,fwd,front,3.35,3.46,88,5000
3,153,mitsubishi,gas,std,two,hatchback,fwd,front,96.3,173,65.4,50.2,2926,ohc,four,156,spdi,3.59,3.86,7,129,5147,24,28,Lowprice,two,fwd,front,3.59,3.86,129,5147
3,153,mitsubishi,gas,std,two,hatchback,fwd,front,96.3,173,65.4,50.2,2926,ohc,four,156,spdi,3.59,3.86,7,136,5055,19,31,Lowprice,two,fwd,front,3.59,3.86,136,5055
3,153,mitsubishi,gas,std,two,hatchback,fwd,front,96.3,173,65.4,51.6,2365,ohc,four,122,2bbl,3.35,3.46,8.5,103,5346,24,25,Lowprice,two,fwd,front,3.35,3.46,103,5346
3,153,mitsubishi,gas,std,two,hatchback,fwd,front,96.3,173,65.4,51.6,2365,ohc,four,122,2bbl,3.35,3.46,8.5,128,5226,25,31,Lowprice,two,fwd,front,3.35,3.46,128,5226
3,153,mitsubishi,gas,turbo,two,hatchback,fwd,,95.9,173.2,66.3,51.6,2365,ohc,four,122,2bbl,3.35,3.46,8.5,133,5398,23,28,Lowprice,two,fwd,front,3.35,3.46,133,5398
3,153,mitsubishi,gas,turbo,two,hatchback,fwd,,95.9,173.2,66.3,51.6,2365,ohc,four,122,2bbl,3.35,3.46,8.5,138,5120,21,25,Lowprice,two,fwd,front,3.35,3.46,138,5120
3,153,mitsubishi,gas,turbo,two,hatchback,fwd,front,50,172.4,65.4,50.2,2833,ohc,four,156,spdi,3.58,3.86,7,112,5384,24,27,Lowprice,two,fwd,front,3.58,3.86,112,5384
3,153,mitsubishi,gas,turbo,two,hatchback,fwd,front,50,172.4,65.4,50.2,2833,ohc,four,156,spdi,3.58,3.86,7,123,5209,20,30,Lowprice,two,fwd,front,3.58,3.86,123,5209
3,153,mitsubishi,gas,turbo,two,hatchback,fwd,front,95.9,173.2,66.3,49.4,2328,ohc,four,122,2bbl,3.35,3.46,8.5,104,5316,22,32,Lowprice,two,fwd,front,3.35,3.46,104,5316
3,153,mitsubishi,gas,turbo,two,hatchback,fwd,front,95.9,173.2,66.3,49.4,2328,ohc,four,122,2bbl,3.35,3.46,8.5,133,5451,25,28,Lowprice,two,fwd,front,3.35,3.46,133,5451
3,153,mitsubishi,gas,turbo,two,hatchback,fwd,front,96,172.6,65.2,50.2,2921,ohc,four,156,spdi,3.59,3.86,7,111,5243,21,30,Lowprice,two,fwd,front,3.59,3.86,111,5243
3,153,mitsubishi,gas,turbo,two,hatchback,fwd,front,96,172.6,65.2,50.2,2921,ohc,four,156,spdi,3.59,3.86,7,131,5194,23,27,Lowprice,two,fwd,front,3.59,3.86,131,5194
3,153,mitsubishi,gas,turbo,two,hatchback,fwd,front,96,172.6,65.2,50.2,2926,ohc,four,156,spdi,3.59,3.86,7,111,5257,23,24,Lowprice,two,fwd,front,3.59,3.86,111,5257
3,153,mitsubishi,gas,turbo,two,hatchback,fwd,front,96,172.6,65.2,50.2,2926,ohc,four,156,spdi,3.59,3.86,7,128,5305,24,25,Lowprice,two,fwd,front,3.59,3.86,128,5305
3,153,mitsubishi,gas,turbo,two,hatchback,fwd,front,96.3,173,65.4,49.4,2370,ohc,four,110,spdi,3.17,3.46,7.5,116,5500,23,30,Lowprice,two,fwd,front,3.17,3.46,116,5500
3,153,mitsubishi,gas,turbo,two,hatchback,fwd,front,96.3,173,65.4,49.4,2370,ohc,four,110,spdi,3.17,3.46,7.5,145,5350,23,29,Lowprice,two,fwd,front,3.17,3.46,145,5350
3,186,porsche,gas,std,two,hatchback,rwd,front,94.5,168.9,68.3,50.2,2778,ohc,four,151,mpfi,3.94,3.11,9.5,143,5500,19,27,Highprice,two,rwd,front,3.94,3.11,143,5500
3,194,nissan,gas,std,two,hatchback,rwd,front,91.3,170.7,67.9,49.7,3071,ohcv,six,181,mpfi,3.43,3.27,9,160,5200,19,25,Lowprice,two,rwd,front,3.43,3.27,160,5200
3,194,nissan,gas,turbo,two,hatchback,rwd,front,91.3,170.7,67.9,49.7,3139,ohcv,six,181,mpfi,3.43,3.27,7.8,200,5200,17,23,Highprice,two,rwd,front,3.43,3.27,200,5200
3,197,toyota,gas,std,two,hatchback,rwd,front,102.9,183.5,67.7,52,2976,dohc,six,171,mpfi,3.27,3.35,9.3,161,5200,20,24,Lowprice,two,rwd,front,3.27,3.35,161,5200
3,197,toyota,gas,std,two,hatchback,rwd,front,102.9,183.5,67.7,52,3016,dohc,six,171,mpfi,3.27,3.35,9.3,161,5200,19,24,Lowprice,two,rwd,front,3.27,3.35,161,5200
3,256,volkswagen,gas,std,two,hatchback,fwd,front,94.5,165.7,64,51.4,2221,ohc,four,109,mpfi,3.19,3.4,8.5,90,5500,24,29,Lowprice,two,fwd,front,3.19,3.4,90,5500
